"","Species","Region","Year","Value","Metric","Description","Units"
"1","Acadian redfish","Gulf of Maine / Georges Bank",1913,53598,"Recruitment","Abundance, Age 1 (Mean)","Number x 1,000"
"2","Acadian redfish","Gulf of Maine / Georges Bank",1914,54826,"Recruitment","Abundance, Age 1 (Mean)","Number x 1,000"
"3","Acadian redfish","Gulf of Maine / Georges Bank",1915,54826,"Recruitment","Abundance, Age 1 (Mean)","Number x 1,000"
"4","Acadian redfish","Gulf of Maine / Georges Bank",1916,54826,"Recruitment","Abundance, Age 1 (Mean)","Number x 1,000"
"5","Acadian redfish","Gulf of Maine / Georges Bank",1917,54827,"Recruitment","Abundance, Age 1 (Mean)","Number x 1,000"
"6","Acadian redfish","Gulf of Maine / Georges Bank",1918,54827,"Recruitment","Abundance, Age 1 (Mean)","Number x 1,000"
"7","Acadian redfish","Gulf of Maine / Georges Bank",1919,54828,"Recruitment","Abundance, Age 1 (Mean)","Number x 1,000"
"8","Acadian redfish","Gulf of Maine / Georges Bank",1920,54831,"Recruitment","Abundance, Age 1 (Mean)","Number x 1,000"
"9","Acadian redfish","Gulf of Maine / Georges Bank",1921,54835,"Recruitment","Abundance, Age 1 (Mean)","Number x 1,000"
"10","Acadian redfish","Gulf of Maine / Georges Bank",1922,54840,"Recruitment","Abundance, Age 1 (Mean)","Number x 1,000"
"11","Acadian redfish","Gulf of Maine / Georges Bank",1923,54846,"Recruitment","Abundance, Age 1 (Mean)","Number x 1,000"
"12","Acadian redfish","Gulf of Maine / Georges Bank",1924,54854,"Recruitment","Abundance, Age 1 (Mean)","Number x 1,000"
"13","Acadian redfish","Gulf of Maine / Georges Bank",1925,54862,"Recruitment","Abundance, Age 1 (Mean)","Number x 1,000"
"14","Acadian redfish","Gulf of Maine / Georges Bank",1926,54871,"Recruitment","Abundance, Age 1 (Mean)","Number x 1,000"
"15","Acadian redfish","Gulf of Maine / Georges Bank",1927,54880,"Recruitment","Abundance, Age 1 (Mean)","Number x 1,000"
"16","Acadian redfish","Gulf of Maine / Georges Bank",1928,54890,"Recruitment","Abundance, Age 1 (Mean)","Number x 1,000"
"17","Acadian redfish","Gulf of Maine / Georges Bank",1929,54899,"Recruitment","Abundance, Age 1 (Mean)","Number x 1,000"
"18","Acadian redfish","Gulf of Maine / Georges Bank",1930,54908,"Recruitment","Abundance, Age 1 (Mean)","Number x 1,000"
"19","Acadian redfish","Gulf of Maine / Georges Bank",1931,54916,"Recruitment","Abundance, Age 1 (Mean)","Number x 1,000"
"20","Acadian redfish","Gulf of Maine / Georges Bank",1932,54924,"Recruitment","Abundance, Age 1 (Mean)","Number x 1,000"
"21","Acadian redfish","Gulf of Maine / Georges Bank",1933,54931,"Recruitment","Abundance, Age 1 (Mean)","Number x 1,000"
"22","Acadian redfish","Gulf of Maine / Georges Bank",1934,54938,"Recruitment","Abundance, Age 1 (Mean)","Number x 1,000"
"23","Acadian redfish","Gulf of Maine / Georges Bank",1935,54939,"Recruitment","Abundance, Age 1 (Mean)","Number x 1,000"
"24","Acadian redfish","Gulf of Maine / Georges Bank",1936,54888,"Recruitment","Abundance, Age 1 (Mean)","Number x 1,000"
"25","Acadian redfish","Gulf of Maine / Georges Bank",1937,54651,"Recruitment","Abundance, Age 1 (Mean)","Number x 1,000"
"26","Acadian redfish","Gulf of Maine / Georges Bank",1938,54302,"Recruitment","Abundance, Age 1 (Mean)","Number x 1,000"
"27","Acadian redfish","Gulf of Maine / Georges Bank",1939,53981,"Recruitment","Abundance, Age 1 (Mean)","Number x 1,000"
"28","Acadian redfish","Gulf of Maine / Georges Bank",1940,53536,"Recruitment","Abundance, Age 1 (Mean)","Number x 1,000"
"29","Acadian redfish","Gulf of Maine / Georges Bank",1941,52990,"Recruitment","Abundance, Age 1 (Mean)","Number x 1,000"
"30","Acadian redfish","Gulf of Maine / Georges Bank",1942,52151,"Recruitment","Abundance, Age 1 (Mean)","Number x 1,000"
"31","Acadian redfish","Gulf of Maine / Georges Bank",1943,50805,"Recruitment","Abundance, Age 1 (Mean)","Number x 1,000"
"32","Acadian redfish","Gulf of Maine / Georges Bank",1944,49266,"Recruitment","Abundance, Age 1 (Mean)","Number x 1,000"
"33","Acadian redfish","Gulf of Maine / Georges Bank",1945,47474,"Recruitment","Abundance, Age 1 (Mean)","Number x 1,000"
"34","Acadian redfish","Gulf of Maine / Georges Bank",1946,45735,"Recruitment","Abundance, Age 1 (Mean)","Number x 1,000"
"35","Acadian redfish","Gulf of Maine / Georges Bank",1947,45215,"Recruitment","Abundance, Age 1 (Mean)","Number x 1,000"
"36","Acadian redfish","Gulf of Maine / Georges Bank",1948,42476,"Recruitment","Abundance, Age 1 (Mean)","Number x 1,000"
"37","Acadian redfish","Gulf of Maine / Georges Bank",1949,41307,"Recruitment","Abundance, Age 1 (Mean)","Number x 1,000"
"38","Acadian redfish","Gulf of Maine / Georges Bank",1950,40200,"Recruitment","Abundance, Age 1 (Mean)","Number x 1,000"
"39","Acadian redfish","Gulf of Maine / Georges Bank",1951,38682,"Recruitment","Abundance, Age 1 (Mean)","Number x 1,000"
"40","Acadian redfish","Gulf of Maine / Georges Bank",1952,35579,"Recruitment","Abundance, Age 1 (Mean)","Number x 1,000"
"41","Acadian redfish","Gulf of Maine / Georges Bank",1953,36743,"Recruitment","Abundance, Age 1 (Mean)","Number x 1,000"
"42","Acadian redfish","Gulf of Maine / Georges Bank",1954,43338,"Recruitment","Abundance, Age 1 (Mean)","Number x 1,000"
"43","Acadian redfish","Gulf of Maine / Georges Bank",1955,36306,"Recruitment","Abundance, Age 1 (Mean)","Number x 1,000"
"44","Acadian redfish","Gulf of Maine / Georges Bank",1956,36649,"Recruitment","Abundance, Age 1 (Mean)","Number x 1,000"
"45","Acadian redfish","Gulf of Maine / Georges Bank",1957,36726,"Recruitment","Abundance, Age 1 (Mean)","Number x 1,000"
"46","Acadian redfish","Gulf of Maine / Georges Bank",1958,39854,"Recruitment","Abundance, Age 1 (Mean)","Number x 1,000"
"47","Acadian redfish","Gulf of Maine / Georges Bank",1959,35212,"Recruitment","Abundance, Age 1 (Mean)","Number x 1,000"
"48","Acadian redfish","Gulf of Maine / Georges Bank",1960,39164,"Recruitment","Abundance, Age 1 (Mean)","Number x 1,000"
"49","Acadian redfish","Gulf of Maine / Georges Bank",1961,29141,"Recruitment","Abundance, Age 1 (Mean)","Number x 1,000"
"50","Acadian redfish","Gulf of Maine / Georges Bank",1962,42134,"Recruitment","Abundance, Age 1 (Mean)","Number x 1,000"
"51","Acadian redfish","Gulf of Maine / Georges Bank",1963,26198,"Recruitment","Abundance, Age 1 (Mean)","Number x 1,000"
"52","Acadian redfish","Gulf of Maine / Georges Bank",1964,47708,"Recruitment","Abundance, Age 1 (Mean)","Number x 1,000"
"53","Acadian redfish","Gulf of Maine / Georges Bank",1965,32315,"Recruitment","Abundance, Age 1 (Mean)","Number x 1,000"
"54","Acadian redfish","Gulf of Maine / Georges Bank",1966,18161,"Recruitment","Abundance, Age 1 (Mean)","Number x 1,000"
"55","Acadian redfish","Gulf of Maine / Georges Bank",1967,4779,"Recruitment","Abundance, Age 1 (Mean)","Number x 1,000"
"56","Acadian redfish","Gulf of Maine / Georges Bank",1968,3178,"Recruitment","Abundance, Age 1 (Mean)","Number x 1,000"
"57","Acadian redfish","Gulf of Maine / Georges Bank",1969,1602,"Recruitment","Abundance, Age 1 (Mean)","Number x 1,000"
"58","Acadian redfish","Gulf of Maine / Georges Bank",1970,1409,"Recruitment","Abundance, Age 1 (Mean)","Number x 1,000"
"59","Acadian redfish","Gulf of Maine / Georges Bank",1971,1827,"Recruitment","Abundance, Age 1 (Mean)","Number x 1,000"
"60","Acadian redfish","Gulf of Maine / Georges Bank",1972,111985,"Recruitment","Abundance, Age 1 (Mean)","Number x 1,000"
"61","Acadian redfish","Gulf of Maine / Georges Bank",1973,3650,"Recruitment","Abundance, Age 1 (Mean)","Number x 1,000"
"62","Acadian redfish","Gulf of Maine / Georges Bank",1974,2013,"Recruitment","Abundance, Age 1 (Mean)","Number x 1,000"
"63","Acadian redfish","Gulf of Maine / Georges Bank",1975,1138,"Recruitment","Abundance, Age 1 (Mean)","Number x 1,000"
"64","Acadian redfish","Gulf of Maine / Georges Bank",1976,861,"Recruitment","Abundance, Age 1 (Mean)","Number x 1,000"
"65","Acadian redfish","Gulf of Maine / Georges Bank",1977,845,"Recruitment","Abundance, Age 1 (Mean)","Number x 1,000"
"66","Acadian redfish","Gulf of Maine / Georges Bank",1978,1139,"Recruitment","Abundance, Age 1 (Mean)","Number x 1,000"
"67","Acadian redfish","Gulf of Maine / Georges Bank",1979,25528,"Recruitment","Abundance, Age 1 (Mean)","Number x 1,000"
"68","Acadian redfish","Gulf of Maine / Georges Bank",1980,1065,"Recruitment","Abundance, Age 1 (Mean)","Number x 1,000"
"69","Acadian redfish","Gulf of Maine / Georges Bank",1981,1596,"Recruitment","Abundance, Age 1 (Mean)","Number x 1,000"
"70","Acadian redfish","Gulf of Maine / Georges Bank",1982,9254,"Recruitment","Abundance, Age 1 (Mean)","Number x 1,000"
"71","Acadian redfish","Gulf of Maine / Georges Bank",1983,12056,"Recruitment","Abundance, Age 1 (Mean)","Number x 1,000"
"72","Acadian redfish","Gulf of Maine / Georges Bank",1984,3699,"Recruitment","Abundance, Age 1 (Mean)","Number x 1,000"
"73","Acadian redfish","Gulf of Maine / Georges Bank",1985,5437,"Recruitment","Abundance, Age 1 (Mean)","Number x 1,000"
"74","Acadian redfish","Gulf of Maine / Georges Bank",1986,17332,"Recruitment","Abundance, Age 1 (Mean)","Number x 1,000"
"75","Acadian redfish","Gulf of Maine / Georges Bank",1987,15407,"Recruitment","Abundance, Age 1 (Mean)","Number x 1,000"
"76","Acadian redfish","Gulf of Maine / Georges Bank",1988,10926,"Recruitment","Abundance, Age 1 (Mean)","Number x 1,000"
"77","Acadian redfish","Gulf of Maine / Georges Bank",1989,12073,"Recruitment","Abundance, Age 1 (Mean)","Number x 1,000"
"78","Acadian redfish","Gulf of Maine / Georges Bank",1990,12789,"Recruitment","Abundance, Age 1 (Mean)","Number x 1,000"
"79","Acadian redfish","Gulf of Maine / Georges Bank",1991,15716,"Recruitment","Abundance, Age 1 (Mean)","Number x 1,000"
"80","Acadian redfish","Gulf of Maine / Georges Bank",1992,64711,"Recruitment","Abundance, Age 1 (Mean)","Number x 1,000"
"81","Acadian redfish","Gulf of Maine / Georges Bank",1993,83197,"Recruitment","Abundance, Age 1 (Mean)","Number x 1,000"
"82","Acadian redfish","Gulf of Maine / Georges Bank",1994,38445,"Recruitment","Abundance, Age 1 (Mean)","Number x 1,000"
"83","Acadian redfish","Gulf of Maine / Georges Bank",1995,42597,"Recruitment","Abundance, Age 1 (Mean)","Number x 1,000"
"84","Acadian redfish","Gulf of Maine / Georges Bank",1996,31691,"Recruitment","Abundance, Age 1 (Mean)","Number x 1,000"
"85","Acadian redfish","Gulf of Maine / Georges Bank",1997,28035,"Recruitment","Abundance, Age 1 (Mean)","Number x 1,000"
"86","Acadian redfish","Gulf of Maine / Georges Bank",1998,34879,"Recruitment","Abundance, Age 1 (Mean)","Number x 1,000"
"87","Acadian redfish","Gulf of Maine / Georges Bank",1999,48525,"Recruitment","Abundance, Age 1 (Mean)","Number x 1,000"
"88","Acadian redfish","Gulf of Maine / Georges Bank",2000,92116,"Recruitment","Abundance, Age 1 (Mean)","Number x 1,000"
"89","Acadian redfish","Gulf of Maine / Georges Bank",2001,43536,"Recruitment","Abundance, Age 1 (Mean)","Number x 1,000"
"90","Acadian redfish","Gulf of Maine / Georges Bank",2002,79573,"Recruitment","Abundance, Age 1 (Mean)","Number x 1,000"
"91","Acadian redfish","Gulf of Maine / Georges Bank",2003,30841,"Recruitment","Abundance, Age 1 (Mean)","Number x 1,000"
"92","Acadian redfish","Gulf of Maine / Georges Bank",2004,44763,"Recruitment","Abundance, Age 1 (Mean)","Number x 1,000"
"93","Acadian redfish","Gulf of Maine / Georges Bank",2005,92857,"Recruitment","Abundance, Age 1 (Mean)","Number x 1,000"
"94","Acadian redfish","Gulf of Maine / Georges Bank",2006,73429,"Recruitment","Abundance, Age 1 (Mean)","Number x 1,000"
"95","Acadian redfish","Gulf of Maine / Georges Bank",2007,48705,"Recruitment","Abundance, Age 1 (Mean)","Number x 1,000"
"96","Acadian redfish","Gulf of Maine / Georges Bank",2008,325333,"Recruitment","Abundance, Age 1 (Mean)","Number x 1,000"
"97","Acadian redfish","Gulf of Maine / Georges Bank",2009,184196,"Recruitment","Abundance, Age 1 (Mean)","Number x 1,000"
"98","Acadian redfish","Gulf of Maine / Georges Bank",2010,40650,"Recruitment","Abundance, Age 1 (Mean)","Number x 1,000"
"99","Acadian redfish","Gulf of Maine / Georges Bank",2011,45719,"Recruitment","Abundance, Age 1 (Mean)","Number x 1,000"
"100","Acadian redfish","Gulf of Maine / Georges Bank",2012,49695,"Recruitment","Abundance, Age 1 (Mean)","Number x 1,000"
"101","Acadian redfish","Gulf of Maine / Georges Bank",2013,56379,"Recruitment","Abundance, Age 1 (Mean)","Number x 1,000"
"102","Acadian redfish","Gulf of Maine / Georges Bank",2014,145953,"Recruitment","Abundance, Age 1 (Mean)","Number x 1,000"
"103","Acadian redfish","Gulf of Maine / Georges Bank",2015,94951,"Recruitment","Abundance, Age 1 (Mean)","Number x 1,000"
"104","Acadian redfish","Gulf of Maine / Georges Bank",2016,79711,"Recruitment","Abundance, Age 1 (Mean)","Number x 1,000"
"105","American plaice","Gulf of Maine / Georges Bank",1980,50267,"Recruitment","Abundance, Age 1","Number x 1,000"
"106","American plaice","Gulf of Maine / Georges Bank",1981,25957,"Recruitment","Abundance, Age 1","Number x 1,000"
"107","American plaice","Gulf of Maine / Georges Bank",1982,20930,"Recruitment","Abundance, Age 1","Number x 1,000"
"108","American plaice","Gulf of Maine / Georges Bank",1983,24792,"Recruitment","Abundance, Age 1","Number x 1,000"
"109","American plaice","Gulf of Maine / Georges Bank",1984,15676,"Recruitment","Abundance, Age 1","Number x 1,000"
"110","American plaice","Gulf of Maine / Georges Bank",1985,19315,"Recruitment","Abundance, Age 1","Number x 1,000"
"111","American plaice","Gulf of Maine / Georges Bank",1986,24454,"Recruitment","Abundance, Age 1","Number x 1,000"
"112","American plaice","Gulf of Maine / Georges Bank",1987,42975,"Recruitment","Abundance, Age 1","Number x 1,000"
"113","American plaice","Gulf of Maine / Georges Bank",1988,55237,"Recruitment","Abundance, Age 1","Number x 1,000"
"114","American plaice","Gulf of Maine / Georges Bank",2003,13155,"Recruitment","Abundance, Age 1","Number x 1,000"
"115","American plaice","Gulf of Maine / Georges Bank",2004,26160,"Recruitment","Abundance, Age 1","Number x 1,000"
"116","American plaice","Gulf of Maine / Georges Bank",2005,28427,"Recruitment","Abundance, Age 1","Number x 1,000"
"117","American plaice","Gulf of Maine / Georges Bank",2006,22958,"Recruitment","Abundance, Age 1","Number x 1,000"
"118","American plaice","Gulf of Maine / Georges Bank",2007,13509,"Recruitment","Abundance, Age 1","Number x 1,000"
"119","American plaice","Gulf of Maine / Georges Bank",2008,29350,"Recruitment","Abundance, Age 1","Number x 1,000"
"120","American plaice","Gulf of Maine / Georges Bank",2009,15837,"Recruitment","Abundance, Age 1","Number x 1,000"
"121","American plaice","Gulf of Maine / Georges Bank",2010,9813,"Recruitment","Abundance, Age 1","Number x 1,000"
"122","American plaice","Gulf of Maine / Georges Bank",2011,13530,"Recruitment","Abundance, Age 1","Number x 1,000"
"123","American plaice","Gulf of Maine / Georges Bank",2012,10127,"Recruitment","Abundance, Age 1","Number x 1,000"
"124","American plaice","Gulf of Maine / Georges Bank",2013,12548,"Recruitment","Abundance, Age 1","Number x 1,000"
"125","American plaice","Gulf of Maine / Georges Bank",2014,30813,"Recruitment","Abundance, Age 1","Number x 1,000"
"126","American plaice","Gulf of Maine / Georges Bank",2015,7889,"Recruitment","Abundance, Age 1","Number x 1,000"
"127","American plaice","Gulf of Maine / Georges Bank",2016,9201,"Recruitment","Abundance, Age 1","Number x 1,000"
"128","Atlantic mackerel","Gulf of Maine / Cape Hatteras",1968,5254.0498046875,"Recruitment","Abundance, Age 1","Number x 1,000,000"
"129","Atlantic mackerel","Gulf of Maine / Cape Hatteras",1969,1561.85998535156,"Recruitment","Abundance, Age 1","Number x 1,000,000"
"130","Atlantic mackerel","Gulf of Maine / Cape Hatteras",1970,2892.419921875,"Recruitment","Abundance, Age 1","Number x 1,000,000"
"131","Atlantic mackerel","Gulf of Maine / Cape Hatteras",1971,976.919982910156,"Recruitment","Abundance, Age 1","Number x 1,000,000"
"132","Atlantic mackerel","Gulf of Maine / Cape Hatteras",1972,1252.32995605469,"Recruitment","Abundance, Age 1","Number x 1,000,000"
"133","Atlantic mackerel","Gulf of Maine / Cape Hatteras",1973,916.070007324219,"Recruitment","Abundance, Age 1","Number x 1,000,000"
"134","Atlantic mackerel","Gulf of Maine / Cape Hatteras",1974,1280.38000488281,"Recruitment","Abundance, Age 1","Number x 1,000,000"
"135","Atlantic mackerel","Gulf of Maine / Cape Hatteras",1975,1202.84997558594,"Recruitment","Abundance, Age 1","Number x 1,000,000"
"136","Atlantic mackerel","Gulf of Maine / Cape Hatteras",1976,219.600006103516,"Recruitment","Abundance, Age 1","Number x 1,000,000"
"137","Atlantic mackerel","Gulf of Maine / Cape Hatteras",1977,39.6599998474121,"Recruitment","Abundance, Age 1","Number x 1,000,000"
"138","Atlantic mackerel","Gulf of Maine / Cape Hatteras",1978,34.1100006103516,"Recruitment","Abundance, Age 1","Number x 1,000,000"
"139","Atlantic mackerel","Gulf of Maine / Cape Hatteras",1979,188.970001220703,"Recruitment","Abundance, Age 1","Number x 1,000,000"
"140","Atlantic mackerel","Gulf of Maine / Cape Hatteras",1980,50.3800010681152,"Recruitment","Abundance, Age 1","Number x 1,000,000"
"141","Atlantic mackerel","Gulf of Maine / Cape Hatteras",1981,250.410003662109,"Recruitment","Abundance, Age 1","Number x 1,000,000"
"142","Atlantic mackerel","Gulf of Maine / Cape Hatteras",1982,495.179992675781,"Recruitment","Abundance, Age 1","Number x 1,000,000"
"143","Atlantic mackerel","Gulf of Maine / Cape Hatteras",1983,2030.19995117188,"Recruitment","Abundance, Age 1","Number x 1,000,000"
"144","Atlantic mackerel","Gulf of Maine / Cape Hatteras",1984,89.2399978637695,"Recruitment","Abundance, Age 1","Number x 1,000,000"
"145","Atlantic mackerel","Gulf of Maine / Cape Hatteras",1985,137.460006713867,"Recruitment","Abundance, Age 1","Number x 1,000,000"
"146","Atlantic mackerel","Gulf of Maine / Cape Hatteras",1986,85.7200012207031,"Recruitment","Abundance, Age 1","Number x 1,000,000"
"147","Atlantic mackerel","Gulf of Maine / Cape Hatteras",1987,114.569999694824,"Recruitment","Abundance, Age 1","Number x 1,000,000"
"148","Atlantic mackerel","Gulf of Maine / Cape Hatteras",1988,369.209991455078,"Recruitment","Abundance, Age 1","Number x 1,000,000"
"149","Atlantic mackerel","Gulf of Maine / Cape Hatteras",1989,517.580017089844,"Recruitment","Abundance, Age 1","Number x 1,000,000"
"150","Atlantic mackerel","Gulf of Maine / Cape Hatteras",1990,102.809997558594,"Recruitment","Abundance, Age 1","Number x 1,000,000"
"151","Atlantic mackerel","Gulf of Maine / Cape Hatteras",1991,171.630004882812,"Recruitment","Abundance, Age 1","Number x 1,000,000"
"152","Atlantic mackerel","Gulf of Maine / Cape Hatteras",1992,180.570007324219,"Recruitment","Abundance, Age 1","Number x 1,000,000"
"153","Atlantic mackerel","Gulf of Maine / Cape Hatteras",1993,35.2099990844727,"Recruitment","Abundance, Age 1","Number x 1,000,000"
"154","Atlantic mackerel","Gulf of Maine / Cape Hatteras",1994,152.070007324219,"Recruitment","Abundance, Age 1","Number x 1,000,000"
"155","Atlantic mackerel","Gulf of Maine / Cape Hatteras",1995,179.059997558594,"Recruitment","Abundance, Age 1","Number x 1,000,000"
"156","Atlantic mackerel","Gulf of Maine / Cape Hatteras",1996,165.479995727539,"Recruitment","Abundance, Age 1","Number x 1,000,000"
"157","Atlantic mackerel","Gulf of Maine / Cape Hatteras",1997,205.279998779297,"Recruitment","Abundance, Age 1","Number x 1,000,000"
"158","Atlantic mackerel","Gulf of Maine / Cape Hatteras",1998,94.2300033569336,"Recruitment","Abundance, Age 1","Number x 1,000,000"
"159","Atlantic mackerel","Gulf of Maine / Cape Hatteras",1999,163.229995727539,"Recruitment","Abundance, Age 1","Number x 1,000,000"
"160","Atlantic mackerel","Gulf of Maine / Cape Hatteras",2000,1222.76000976562,"Recruitment","Abundance, Age 1","Number x 1,000,000"
"161","Atlantic mackerel","Gulf of Maine / Cape Hatteras",2001,196.639999389648,"Recruitment","Abundance, Age 1","Number x 1,000,000"
"162","Atlantic mackerel","Gulf of Maine / Cape Hatteras",2002,152.429992675781,"Recruitment","Abundance, Age 1","Number x 1,000,000"
"163","Atlantic mackerel","Gulf of Maine / Cape Hatteras",2003,349.940002441406,"Recruitment","Abundance, Age 1","Number x 1,000,000"
"164","Atlantic mackerel","Gulf of Maine / Cape Hatteras",2004,743.559997558594,"Recruitment","Abundance, Age 1","Number x 1,000,000"
"165","Atlantic mackerel","Gulf of Maine / Cape Hatteras",2005,196.990005493164,"Recruitment","Abundance, Age 1","Number x 1,000,000"
"166","Atlantic mackerel","Gulf of Maine / Cape Hatteras",2006,380.029998779297,"Recruitment","Abundance, Age 1","Number x 1,000,000"
"167","Atlantic mackerel","Gulf of Maine / Cape Hatteras",2007,99.129997253418,"Recruitment","Abundance, Age 1","Number x 1,000,000"
"168","Atlantic mackerel","Gulf of Maine / Cape Hatteras",2008,216.940002441406,"Recruitment","Abundance, Age 1","Number x 1,000,000"
"169","Atlantic mackerel","Gulf of Maine / Cape Hatteras",2009,156.779998779297,"Recruitment","Abundance, Age 1","Number x 1,000,000"
"170","Atlantic mackerel","Gulf of Maine / Cape Hatteras",2010,18.0400009155273,"Recruitment","Abundance, Age 1","Number x 1,000,000"
"171","Atlantic mackerel","Gulf of Maine / Cape Hatteras",2011,115.779998779297,"Recruitment","Abundance, Age 1","Number x 1,000,000"
"172","Atlantic mackerel","Gulf of Maine / Cape Hatteras",2012,82.8499984741211,"Recruitment","Abundance, Age 1","Number x 1,000,000"
"173","Atlantic mackerel","Gulf of Maine / Cape Hatteras",2013,37.7900009155273,"Recruitment","Abundance, Age 1","Number x 1,000,000"
"174","Atlantic mackerel","Gulf of Maine / Cape Hatteras",2014,91.2399978637695,"Recruitment","Abundance, Age 1","Number x 1,000,000"
"175","Atlantic mackerel","Gulf of Maine / Cape Hatteras",2015,162.720001220703,"Recruitment","Abundance, Age 1","Number x 1,000,000"
"176","Atlantic mackerel","Gulf of Maine / Cape Hatteras",2016,455.429992675781,"Recruitment","Abundance, Age 1","Number x 1,000,000"
"177","Atlantic wolffish","Gulf of Maine / Georges Bank",1968,289,"Recruitment","Biomass, Age 1","Metric Tons"
"178","Atlantic wolffish","Gulf of Maine / Georges Bank",1969,949,"Recruitment","Biomass, Age 1","Metric Tons"
"179","Atlantic wolffish","Gulf of Maine / Georges Bank",1970,318,"Recruitment","Biomass, Age 1","Metric Tons"
"180","Atlantic wolffish","Gulf of Maine / Georges Bank",1971,163,"Recruitment","Biomass, Age 1","Metric Tons"
"181","Atlantic wolffish","Gulf of Maine / Georges Bank",1972,2101,"Recruitment","Biomass, Age 1","Metric Tons"
"182","Atlantic wolffish","Gulf of Maine / Georges Bank",1973,326,"Recruitment","Biomass, Age 1","Metric Tons"
"183","Atlantic wolffish","Gulf of Maine / Georges Bank",1974,690,"Recruitment","Biomass, Age 1","Metric Tons"
"184","Atlantic wolffish","Gulf of Maine / Georges Bank",1975,1413,"Recruitment","Biomass, Age 1","Metric Tons"
"185","Atlantic wolffish","Gulf of Maine / Georges Bank",1976,870,"Recruitment","Biomass, Age 1","Metric Tons"
"186","Atlantic wolffish","Gulf of Maine / Georges Bank",1977,674,"Recruitment","Biomass, Age 1","Metric Tons"
"187","Atlantic wolffish","Gulf of Maine / Georges Bank",1978,564,"Recruitment","Biomass, Age 1","Metric Tons"
"188","Atlantic wolffish","Gulf of Maine / Georges Bank",1979,326,"Recruitment","Biomass, Age 1","Metric Tons"
"189","Atlantic wolffish","Gulf of Maine / Georges Bank",1980,491,"Recruitment","Biomass, Age 1","Metric Tons"
"190","Atlantic wolffish","Gulf of Maine / Georges Bank",1981,198,"Recruitment","Biomass, Age 1","Metric Tons"
"191","Atlantic wolffish","Gulf of Maine / Georges Bank",1982,922,"Recruitment","Biomass, Age 1","Metric Tons"
"192","Atlantic wolffish","Gulf of Maine / Georges Bank",1983,361,"Recruitment","Biomass, Age 1","Metric Tons"
"193","Atlantic wolffish","Gulf of Maine / Georges Bank",1984,323,"Recruitment","Biomass, Age 1","Metric Tons"
"194","Atlantic wolffish","Gulf of Maine / Georges Bank",1985,228,"Recruitment","Biomass, Age 1","Metric Tons"
"195","Atlantic wolffish","Gulf of Maine / Georges Bank",1986,235,"Recruitment","Biomass, Age 1","Metric Tons"
"196","Atlantic wolffish","Gulf of Maine / Georges Bank",1987,869,"Recruitment","Biomass, Age 1","Metric Tons"
"197","Atlantic wolffish","Gulf of Maine / Georges Bank",1988,316,"Recruitment","Biomass, Age 1","Metric Tons"
"198","Atlantic wolffish","Gulf of Maine / Georges Bank",1989,572,"Recruitment","Biomass, Age 1","Metric Tons"
"199","Atlantic wolffish","Gulf of Maine / Georges Bank",1990,160,"Recruitment","Biomass, Age 1","Metric Tons"
"200","Atlantic wolffish","Gulf of Maine / Georges Bank",1991,149,"Recruitment","Biomass, Age 1","Metric Tons"
"201","Atlantic wolffish","Gulf of Maine / Georges Bank",1992,263,"Recruitment","Biomass, Age 1","Metric Tons"
"202","Atlantic wolffish","Gulf of Maine / Georges Bank",1993,229,"Recruitment","Biomass, Age 1","Metric Tons"
"203","Atlantic wolffish","Gulf of Maine / Georges Bank",1994,282,"Recruitment","Biomass, Age 1","Metric Tons"
"204","Atlantic wolffish","Gulf of Maine / Georges Bank",1995,195,"Recruitment","Biomass, Age 1","Metric Tons"
"205","Atlantic wolffish","Gulf of Maine / Georges Bank",1996,217,"Recruitment","Biomass, Age 1","Metric Tons"
"206","Atlantic wolffish","Gulf of Maine / Georges Bank",1997,147,"Recruitment","Biomass, Age 1","Metric Tons"
"207","Atlantic wolffish","Gulf of Maine / Georges Bank",1998,121,"Recruitment","Biomass, Age 1","Metric Tons"
"208","Atlantic wolffish","Gulf of Maine / Georges Bank",1999,85,"Recruitment","Biomass, Age 1","Metric Tons"
"209","Atlantic wolffish","Gulf of Maine / Georges Bank",2000,69,"Recruitment","Biomass, Age 1","Metric Tons"
"210","Atlantic wolffish","Gulf of Maine / Georges Bank",2001,73,"Recruitment","Biomass, Age 1","Metric Tons"
"211","Atlantic wolffish","Gulf of Maine / Georges Bank",2002,74,"Recruitment","Biomass, Age 1","Metric Tons"
"212","Atlantic wolffish","Gulf of Maine / Georges Bank",2003,77,"Recruitment","Biomass, Age 1","Metric Tons"
"213","Atlantic wolffish","Gulf of Maine / Georges Bank",2004,65,"Recruitment","Biomass, Age 1","Metric Tons"
"214","Atlantic wolffish","Gulf of Maine / Georges Bank",2005,53,"Recruitment","Biomass, Age 1","Metric Tons"
"215","Atlantic wolffish","Gulf of Maine / Georges Bank",2006,74,"Recruitment","Biomass, Age 1","Metric Tons"
"216","Atlantic wolffish","Gulf of Maine / Georges Bank",2007,87,"Recruitment","Biomass, Age 1","Metric Tons"
"217","Atlantic wolffish","Gulf of Maine / Georges Bank",2008,67,"Recruitment","Biomass, Age 1","Metric Tons"
"218","Atlantic wolffish","Gulf of Maine / Georges Bank",2009,64,"Recruitment","Biomass, Age 1","Metric Tons"
"219","Atlantic wolffish","Gulf of Maine / Georges Bank",2010,80,"Recruitment","Biomass, Age 1","Metric Tons"
"220","Atlantic wolffish","Gulf of Maine / Georges Bank",2011,86,"Recruitment","Biomass, Age 1","Metric Tons"
"221","Atlantic wolffish","Gulf of Maine / Georges Bank",2012,127,"Recruitment","Biomass, Age 1","Metric Tons"
"222","Atlantic wolffish","Gulf of Maine / Georges Bank",2013,288,"Recruitment","Biomass, Age 1","Metric Tons"
"223","Atlantic wolffish","Gulf of Maine / Georges Bank",2014,289,"Recruitment","Biomass, Age 1","Metric Tons"
"224","Atlantic wolffish","Gulf of Maine / Georges Bank",2015,289,"Recruitment","Biomass, Age 1","Metric Tons"
"225","Atlantic wolffish","Gulf of Maine / Georges Bank",2016,289,"Recruitment","Biomass, Age 1","Metric Tons"
"226","Butterfish","Gulf of Maine / Cape Hatteras",1989,9246,"Recruitment","Abundance, Age 0","Number x 1,000"
"227","Butterfish","Gulf of Maine / Cape Hatteras",1990,10054,"Recruitment","Abundance, Age 0","Number x 1,000"
"228","Butterfish","Gulf of Maine / Cape Hatteras",1991,8355,"Recruitment","Abundance, Age 0","Number x 1,000"
"229","Butterfish","Gulf of Maine / Cape Hatteras",1992,7854,"Recruitment","Abundance, Age 0","Number x 1,000"
"230","Butterfish","Gulf of Maine / Cape Hatteras",1993,11473,"Recruitment","Abundance, Age 0","Number x 1,000"
"231","Butterfish","Gulf of Maine / Cape Hatteras",1994,12668,"Recruitment","Abundance, Age 0","Number x 1,000"
"232","Butterfish","Gulf of Maine / Cape Hatteras",1995,5480,"Recruitment","Abundance, Age 0","Number x 1,000"
"233","Butterfish","Gulf of Maine / Cape Hatteras",1996,10316,"Recruitment","Abundance, Age 0","Number x 1,000"
"234","Butterfish","Gulf of Maine / Cape Hatteras",1997,16274,"Recruitment","Abundance, Age 0","Number x 1,000"
"235","Butterfish","Gulf of Maine / Cape Hatteras",1998,9786,"Recruitment","Abundance, Age 0","Number x 1,000"
"236","Butterfish","Gulf of Maine / Cape Hatteras",1999,15036,"Recruitment","Abundance, Age 0","Number x 1,000"
"237","Butterfish","Gulf of Maine / Cape Hatteras",2000,11667,"Recruitment","Abundance, Age 0","Number x 1,000"
"238","Butterfish","Gulf of Maine / Cape Hatteras",2001,8720,"Recruitment","Abundance, Age 0","Number x 1,000"
"239","Butterfish","Gulf of Maine / Cape Hatteras",2002,8832,"Recruitment","Abundance, Age 0","Number x 1,000"
"240","Butterfish","Gulf of Maine / Cape Hatteras",2003,9975,"Recruitment","Abundance, Age 0","Number x 1,000"
"241","Butterfish","Gulf of Maine / Cape Hatteras",2004,5557,"Recruitment","Abundance, Age 0","Number x 1,000"
"242","Butterfish","Gulf of Maine / Cape Hatteras",2005,8148,"Recruitment","Abundance, Age 0","Number x 1,000"
"243","Butterfish","Gulf of Maine / Cape Hatteras",2006,7801,"Recruitment","Abundance, Age 0","Number x 1,000"
"244","Butterfish","Gulf of Maine / Cape Hatteras",2007,5780,"Recruitment","Abundance, Age 0","Number x 1,000"
"245","Butterfish","Gulf of Maine / Cape Hatteras",2008,7451,"Recruitment","Abundance, Age 0","Number x 1,000"
"246","Butterfish","Gulf of Maine / Cape Hatteras",2009,10815,"Recruitment","Abundance, Age 0","Number x 1,000"
"247","Butterfish","Gulf of Maine / Cape Hatteras",2010,5918,"Recruitment","Abundance, Age 0","Number x 1,000"
"248","Butterfish","Gulf of Maine / Cape Hatteras",2011,8399,"Recruitment","Abundance, Age 0","Number x 1,000"
"249","Butterfish","Gulf of Maine / Cape Hatteras",2012,4325,"Recruitment","Abundance, Age 0","Number x 1,000"
"250","Butterfish","Gulf of Maine / Cape Hatteras",2013,7871,"Recruitment","Abundance, Age 0","Number x 1,000"
"251","Butterfish","Gulf of Maine / Cape Hatteras",2014,7277,"Recruitment","Abundance, Age 0","Number x 1,000"
"252","Butterfish","Gulf of Maine / Cape Hatteras",2015,6579,"Recruitment","Abundance, Age 0","Number x 1,000"
"253","Butterfish","Gulf of Maine / Cape Hatteras",2016,1893,"Recruitment","Abundance, Age 0","Number x 1,000"
"254","Haddock","Eastern Georges Bank",1969,804,"Recruitment","Abundance - Age 1","Thousand Recruits"
"255","Haddock","Eastern Georges Bank",1970,3592,"Recruitment","Abundance - Age 1","Thousand Recruits"
"256","Haddock","Eastern Georges Bank",1971,235,"Recruitment","Abundance - Age 1","Thousand Recruits"
"257","Haddock","Eastern Georges Bank",1972,5302,"Recruitment","Abundance - Age 1","Thousand Recruits"
"258","Haddock","Eastern Georges Bank",1973,11637,"Recruitment","Abundance - Age 1","Thousand Recruits"
"259","Haddock","Eastern Georges Bank",1974,3081,"Recruitment","Abundance - Age 1","Thousand Recruits"
"260","Haddock","Eastern Georges Bank",1975,3448,"Recruitment","Abundance - Age 1","Thousand Recruits"
"261","Haddock","Eastern Georges Bank",1976,54072,"Recruitment","Abundance - Age 1","Thousand Recruits"
"262","Haddock","Eastern Georges Bank",1977,6037,"Recruitment","Abundance - Age 1","Thousand Recruits"
"263","Haddock","Eastern Georges Bank",1978,4056,"Recruitment","Abundance - Age 1","Thousand Recruits"
"264","Haddock","Eastern Georges Bank",1979,52339,"Recruitment","Abundance - Age 1","Thousand Recruits"
"265","Haddock","Eastern Georges Bank",1980,6236,"Recruitment","Abundance - Age 1","Thousand Recruits"
"266","Haddock","Eastern Georges Bank",1981,4614,"Recruitment","Abundance - Age 1","Thousand Recruits"
"267","Haddock","Eastern Georges Bank",1982,2094,"Recruitment","Abundance - Age 1","Thousand Recruits"
"268","Haddock","Eastern Georges Bank",1983,2549,"Recruitment","Abundance - Age 1","Thousand Recruits"
"269","Haddock","Eastern Georges Bank",1984,16085,"Recruitment","Abundance - Age 1","Thousand Recruits"
"270","Haddock","Eastern Georges Bank",1985,1637,"Recruitment","Abundance - Age 1","Thousand Recruits"
"271","Haddock","Eastern Georges Bank",1986,13881,"Recruitment","Abundance - Age 1","Thousand Recruits"
"272","Haddock","Eastern Georges Bank",1987,2162,"Recruitment","Abundance - Age 1","Thousand Recruits"
"273","Haddock","Eastern Georges Bank",1988,15974,"Recruitment","Abundance - Age 1","Thousand Recruits"
"274","Haddock","Eastern Georges Bank",1989,1017,"Recruitment","Abundance - Age 1","Thousand Recruits"
"275","Haddock","Eastern Georges Bank",1990,2364,"Recruitment","Abundance - Age 1","Thousand Recruits"
"276","Haddock","Eastern Georges Bank",1991,2040,"Recruitment","Abundance - Age 1","Thousand Recruits"
"277","Haddock","Eastern Georges Bank",1992,7864,"Recruitment","Abundance - Age 1","Thousand Recruits"
"278","Haddock","Eastern Georges Bank",1993,11626,"Recruitment","Abundance - Age 1","Thousand Recruits"
"279","Haddock","Eastern Georges Bank",1994,10836,"Recruitment","Abundance - Age 1","Thousand Recruits"
"280","Haddock","Eastern Georges Bank",1995,5501,"Recruitment","Abundance - Age 1","Thousand Recruits"
"281","Haddock","Eastern Georges Bank",1996,5218,"Recruitment","Abundance - Age 1","Thousand Recruits"
"282","Haddock","Eastern Georges Bank",1997,15192,"Recruitment","Abundance - Age 1","Thousand Recruits"
"283","Haddock","Eastern Georges Bank",1998,7816,"Recruitment","Abundance - Age 1","Thousand Recruits"
"284","Haddock","Eastern Georges Bank",1999,26149,"Recruitment","Abundance - Age 1","Thousand Recruits"
"285","Haddock","Eastern Georges Bank",2000,7396,"Recruitment","Abundance - Age 1","Thousand Recruits"
"286","Haddock","Eastern Georges Bank",2001,62027,"Recruitment","Abundance - Age 1","Thousand Recruits"
"287","Haddock","Eastern Georges Bank",2002,3234,"Recruitment","Abundance - Age 1","Thousand Recruits"
"288","Haddock","Eastern Georges Bank",2003,1770,"Recruitment","Abundance - Age 1","Thousand Recruits"
"289","Haddock","Eastern Georges Bank",2004,196823,"Recruitment","Abundance - Age 1","Thousand Recruits"
"290","Haddock","Eastern Georges Bank",2005,4371,"Recruitment","Abundance - Age 1","Thousand Recruits"
"291","Haddock","Eastern Georges Bank",2006,8542,"Recruitment","Abundance - Age 1","Thousand Recruits"
"292","Haddock","Eastern Georges Bank",2007,2885,"Recruitment","Abundance - Age 1","Thousand Recruits"
"293","Haddock","Eastern Georges Bank",2008,3856,"Recruitment","Abundance - Age 1","Thousand Recruits"
"294","Haddock","Eastern Georges Bank",2009,1453,"Recruitment","Abundance - Age 1","Thousand Recruits"
"295","Haddock","Eastern Georges Bank",2010,4415,"Recruitment","Abundance - Age 1","Thousand Recruits"
"296","Haddock","Eastern Georges Bank",2011,96191,"Recruitment","Abundance - Age 1","Thousand Recruits"
"297","Haddock","Eastern Georges Bank",2012,13476,"Recruitment","Abundance - Age 1","Thousand Recruits"
"298","Haddock","Eastern Georges Bank",2013,7554,"Recruitment","Abundance - Age 1","Thousand Recruits"
"299","Haddock","Eastern Georges Bank",2014,589435,"Recruitment","Abundance - Age 1","Thousand Recruits"
"300","Haddock","Eastern Georges Bank",2015,5304,"Recruitment","Abundance - Age 1","Thousand Recruits"
"301","Haddock","Eastern Georges Bank",2016,29674,"Recruitment","Abundance - Age 1","Thousand Recruits"
"302","Haddock","Eastern Georges Bank",2017,55939,"Recruitment","Abundance - Age 1","Thousand Recruits"
"303","Haddock","Eastern Georges Bank",2018,10955,"Recruitment","Abundance - Age 1","Thousand Recruits"
"304","Haddock","Eastern Georges Bank",2019,13370,"Recruitment","Abundance - Age 1","Thousand Recruits"
"305","Haddock","Georges Bank",1964,460816,"Recruitment","Abundance, Age 1 (Mean)","Number x 1,000"
"306","Haddock","Georges Bank",1965,32513,"Recruitment","Abundance, Age 1 (Mean)","Number x 1,000"
"307","Haddock","Georges Bank",1966,4155,"Recruitment","Abundance, Age 1 (Mean)","Number x 1,000"
"308","Haddock","Georges Bank",1967,14013,"Recruitment","Abundance, Age 1 (Mean)","Number x 1,000"
"309","Haddock","Georges Bank",1968,542,"Recruitment","Abundance, Age 1 (Mean)","Number x 1,000"
"310","Haddock","Georges Bank",1969,1111,"Recruitment","Abundance, Age 1 (Mean)","Number x 1,000"
"311","Haddock","Georges Bank",1970,4616,"Recruitment","Abundance, Age 1 (Mean)","Number x 1,000"
"312","Haddock","Georges Bank",1971,267,"Recruitment","Abundance, Age 1 (Mean)","Number x 1,000"
"313","Haddock","Georges Bank",1972,8526,"Recruitment","Abundance, Age 1 (Mean)","Number x 1,000"
"314","Haddock","Georges Bank",1973,19498,"Recruitment","Abundance, Age 1 (Mean)","Number x 1,000"
"315","Haddock","Georges Bank",1974,10577,"Recruitment","Abundance, Age 1 (Mean)","Number x 1,000"
"316","Haddock","Georges Bank",1975,7930,"Recruitment","Abundance, Age 1 (Mean)","Number x 1,000"
"317","Haddock","Georges Bank",1976,105344,"Recruitment","Abundance, Age 1 (Mean)","Number x 1,000"
"318","Haddock","Georges Bank",1977,13982,"Recruitment","Abundance, Age 1 (Mean)","Number x 1,000"
"319","Haddock","Georges Bank",1978,6124,"Recruitment","Abundance, Age 1 (Mean)","Number x 1,000"
"320","Haddock","Georges Bank",1979,83883,"Recruitment","Abundance, Age 1 (Mean)","Number x 1,000"
"321","Haddock","Georges Bank",1980,10932,"Recruitment","Abundance, Age 1 (Mean)","Number x 1,000"
"322","Haddock","Georges Bank",1981,7362,"Recruitment","Abundance, Age 1 (Mean)","Number x 1,000"
"323","Haddock","Georges Bank",1982,2579,"Recruitment","Abundance, Age 1 (Mean)","Number x 1,000"
"324","Haddock","Georges Bank",1983,3281,"Recruitment","Abundance, Age 1 (Mean)","Number x 1,000"
"325","Haddock","Georges Bank",1984,18070,"Recruitment","Abundance, Age 1 (Mean)","Number x 1,000"
"326","Haddock","Georges Bank",1985,2515,"Recruitment","Abundance, Age 1 (Mean)","Number x 1,000"
"327","Haddock","Georges Bank",1986,16764,"Recruitment","Abundance, Age 1 (Mean)","Number x 1,000"
"328","Haddock","Georges Bank",1987,2603,"Recruitment","Abundance, Age 1 (Mean)","Number x 1,000"
"329","Haddock","Georges Bank",1988,19933,"Recruitment","Abundance, Age 1 (Mean)","Number x 1,000"
"330","Haddock","Georges Bank",1989,1358,"Recruitment","Abundance, Age 1 (Mean)","Number x 1,000"
"331","Haddock","Georges Bank",1990,3378,"Recruitment","Abundance, Age 1 (Mean)","Number x 1,000"
"332","Haddock","Georges Bank",1991,2688,"Recruitment","Abundance, Age 1 (Mean)","Number x 1,000"
"333","Haddock","Georges Bank",1992,10528,"Recruitment","Abundance, Age 1 (Mean)","Number x 1,000"
"334","Haddock","Georges Bank",1993,15190,"Recruitment","Abundance, Age 1 (Mean)","Number x 1,000"
"335","Haddock","Georges Bank",1994,14941,"Recruitment","Abundance, Age 1 (Mean)","Number x 1,000"
"336","Haddock","Georges Bank",1995,12203,"Recruitment","Abundance, Age 1 (Mean)","Number x 1,000"
"337","Haddock","Georges Bank",1996,11300,"Recruitment","Abundance, Age 1 (Mean)","Number x 1,000"
"338","Haddock","Georges Bank",1997,22259,"Recruitment","Abundance, Age 1 (Mean)","Number x 1,000"
"339","Haddock","Georges Bank",1998,13777,"Recruitment","Abundance, Age 1 (Mean)","Number x 1,000"
"340","Haddock","Georges Bank",1999,45218,"Recruitment","Abundance, Age 1 (Mean)","Number x 1,000"
"341","Haddock","Georges Bank",2000,10206,"Recruitment","Abundance, Age 1 (Mean)","Number x 1,000"
"342","Haddock","Georges Bank",2001,78083,"Recruitment","Abundance, Age 1 (Mean)","Number x 1,000"
"343","Haddock","Georges Bank",2002,4391,"Recruitment","Abundance, Age 1 (Mean)","Number x 1,000"
"344","Haddock","Georges Bank",2003,2079,"Recruitment","Abundance, Age 1 (Mean)","Number x 1,000"
"345","Haddock","Georges Bank",2004,249145,"Recruitment","Abundance, Age 1 (Mean)","Number x 1,000"
"346","Haddock","Georges Bank",2005,5318,"Recruitment","Abundance, Age 1 (Mean)","Number x 1,000"
"347","Haddock","Georges Bank",2006,12866,"Recruitment","Abundance, Age 1 (Mean)","Number x 1,000"
"348","Haddock","Georges Bank",2007,4175,"Recruitment","Abundance, Age 1 (Mean)","Number x 1,000"
"349","Haddock","Georges Bank",2008,4380,"Recruitment","Abundance, Age 1 (Mean)","Number x 1,000"
"350","Haddock","Georges Bank",2009,1773,"Recruitment","Abundance, Age 1 (Mean)","Number x 1,000"
"351","Haddock","Georges Bank",2010,6366,"Recruitment","Abundance, Age 1 (Mean)","Number x 1,000"
"352","Haddock","Georges Bank",2011,278296,"Recruitment","Abundance, Age 1 (Mean)","Number x 1,000"
"353","Haddock","Georges Bank",2012,41319,"Recruitment","Abundance, Age 1 (Mean)","Number x 1,000"
"354","Haddock","Georges Bank",2013,23598,"Recruitment","Abundance, Age 1 (Mean)","Number x 1,000"
"355","Haddock","Georges Bank",2014,1839273,"Recruitment","Abundance, Age 1 (Mean)","Number x 1,000"
"356","Haddock","Georges Bank",2015,48629,"Recruitment","Abundance, Age 1 (Mean)","Number x 1,000"
"357","Haddock","Georges Bank",2016,88436,"Recruitment","Abundance, Age 1 (Mean)","Number x 1,000"
"358","Haddock","Gulf of Maine",1977,6623,"Recruitment","Abundance, Age 1 (Mean)","Number x 1,000"
"359","Haddock","Gulf of Maine",1978,1581,"Recruitment","Abundance, Age 1 (Mean)","Number x 1,000"
"360","Haddock","Gulf of Maine",1979,6642,"Recruitment","Abundance, Age 1 (Mean)","Number x 1,000"
"361","Haddock","Gulf of Maine",1980,7324,"Recruitment","Abundance, Age 1 (Mean)","Number x 1,000"
"362","Haddock","Gulf of Maine",1981,4876,"Recruitment","Abundance, Age 1 (Mean)","Number x 1,000"
"363","Haddock","Gulf of Maine",1982,990,"Recruitment","Abundance, Age 1 (Mean)","Number x 1,000"
"364","Haddock","Gulf of Maine",1983,2658,"Recruitment","Abundance, Age 1 (Mean)","Number x 1,000"
"365","Haddock","Gulf of Maine",1984,1114,"Recruitment","Abundance, Age 1 (Mean)","Number x 1,000"
"366","Haddock","Gulf of Maine",1985,312,"Recruitment","Abundance, Age 1 (Mean)","Number x 1,000"
"367","Haddock","Gulf of Maine",1986,294,"Recruitment","Abundance, Age 1 (Mean)","Number x 1,000"
"368","Haddock","Gulf of Maine",1987,150,"Recruitment","Abundance, Age 1 (Mean)","Number x 1,000"
"369","Haddock","Gulf of Maine",1988,441,"Recruitment","Abundance, Age 1 (Mean)","Number x 1,000"
"370","Haddock","Gulf of Maine",1989,214,"Recruitment","Abundance, Age 1 (Mean)","Number x 1,000"
"371","Haddock","Gulf of Maine",1990,276,"Recruitment","Abundance, Age 1 (Mean)","Number x 1,000"
"372","Haddock","Gulf of Maine",1991,293,"Recruitment","Abundance, Age 1 (Mean)","Number x 1,000"
"373","Haddock","Gulf of Maine",1992,761,"Recruitment","Abundance, Age 1 (Mean)","Number x 1,000"
"374","Haddock","Gulf of Maine",1993,1412,"Recruitment","Abundance, Age 1 (Mean)","Number x 1,000"
"375","Haddock","Gulf of Maine",1994,3091,"Recruitment","Abundance, Age 1 (Mean)","Number x 1,000"
"376","Haddock","Gulf of Maine",1995,2715,"Recruitment","Abundance, Age 1 (Mean)","Number x 1,000"
"377","Haddock","Gulf of Maine",1996,1181,"Recruitment","Abundance, Age 1 (Mean)","Number x 1,000"
"378","Haddock","Gulf of Maine",1997,2366,"Recruitment","Abundance, Age 1 (Mean)","Number x 1,000"
"379","Haddock","Gulf of Maine",1998,2470,"Recruitment","Abundance, Age 1 (Mean)","Number x 1,000"
"380","Haddock","Gulf of Maine",1999,14422,"Recruitment","Abundance, Age 1 (Mean)","Number x 1,000"
"381","Haddock","Gulf of Maine",2000,2774,"Recruitment","Abundance, Age 1 (Mean)","Number x 1,000"
"382","Haddock","Gulf of Maine",2001,1244,"Recruitment","Abundance, Age 1 (Mean)","Number x 1,000"
"383","Haddock","Gulf of Maine",2002,1384,"Recruitment","Abundance, Age 1 (Mean)","Number x 1,000"
"384","Haddock","Gulf of Maine",2003,275,"Recruitment","Abundance, Age 1 (Mean)","Number x 1,000"
"385","Haddock","Gulf of Maine",2004,7433,"Recruitment","Abundance, Age 1 (Mean)","Number x 1,000"
"386","Haddock","Gulf of Maine",2005,481,"Recruitment","Abundance, Age 1 (Mean)","Number x 1,000"
"387","Haddock","Gulf of Maine",2006,1419,"Recruitment","Abundance, Age 1 (Mean)","Number x 1,000"
"388","Haddock","Gulf of Maine",2007,1676,"Recruitment","Abundance, Age 1 (Mean)","Number x 1,000"
"389","Haddock","Gulf of Maine",2008,314,"Recruitment","Abundance, Age 1 (Mean)","Number x 1,000"
"390","Haddock","Gulf of Maine",2009,519,"Recruitment","Abundance, Age 1 (Mean)","Number x 1,000"
"391","Haddock","Gulf of Maine",2010,1590,"Recruitment","Abundance, Age 1 (Mean)","Number x 1,000"
"392","Haddock","Gulf of Maine",2011,15858,"Recruitment","Abundance, Age 1 (Mean)","Number x 1,000"
"393","Haddock","Gulf of Maine",2012,5496,"Recruitment","Abundance, Age 1 (Mean)","Number x 1,000"
"394","Haddock","Gulf of Maine",2013,25080,"Recruitment","Abundance, Age 1 (Mean)","Number x 1,000"
"395","Haddock","Gulf of Maine",2014,93341,"Recruitment","Abundance, Age 1 (Mean)","Number x 1,000"
"396","Haddock","Gulf of Maine",2015,4724,"Recruitment","Abundance, Age 1 (Mean)","Number x 1,000"
"397","Haddock","Gulf of Maine",2016,3638,"Recruitment","Abundance, Age 1 (Mean)","Number x 1,000"
"398","Pollock","Gulf of Maine / Georges Bank",1970,34100,"Recruitment","Abundance, Age 1 (Mean)","Number x 1,000"
"399","Pollock","Gulf of Maine / Georges Bank",1971,36900,"Recruitment","Abundance, Age 1 (Mean)","Number x 1,000"
"400","Pollock","Gulf of Maine / Georges Bank",1972,57200,"Recruitment","Abundance, Age 1 (Mean)","Number x 1,000"
"401","Pollock","Gulf of Maine / Georges Bank",1973,23800,"Recruitment","Abundance, Age 1 (Mean)","Number x 1,000"
"402","Pollock","Gulf of Maine / Georges Bank",1974,18600,"Recruitment","Abundance, Age 1 (Mean)","Number x 1,000"
"403","Pollock","Gulf of Maine / Georges Bank",1975,21600,"Recruitment","Abundance, Age 1 (Mean)","Number x 1,000"
"404","Pollock","Gulf of Maine / Georges Bank",1976,25000,"Recruitment","Abundance, Age 1 (Mean)","Number x 1,000"
"405","Pollock","Gulf of Maine / Georges Bank",1977,15800,"Recruitment","Abundance, Age 1 (Mean)","Number x 1,000"
"406","Pollock","Gulf of Maine / Georges Bank",1978,11900,"Recruitment","Abundance, Age 1 (Mean)","Number x 1,000"
"407","Pollock","Gulf of Maine / Georges Bank",1979,25600,"Recruitment","Abundance, Age 1 (Mean)","Number x 1,000"
"408","Pollock","Gulf of Maine / Georges Bank",1980,26400,"Recruitment","Abundance, Age 1 (Mean)","Number x 1,000"
"409","Pollock","Gulf of Maine / Georges Bank",1981,18300,"Recruitment","Abundance, Age 1 (Mean)","Number x 1,000"
"410","Pollock","Gulf of Maine / Georges Bank",1982,15200,"Recruitment","Abundance, Age 1 (Mean)","Number x 1,000"
"411","Pollock","Gulf of Maine / Georges Bank",1983,18700,"Recruitment","Abundance, Age 1 (Mean)","Number x 1,000"
"412","Pollock","Gulf of Maine / Georges Bank",1984,11300,"Recruitment","Abundance, Age 1 (Mean)","Number x 1,000"
"413","Pollock","Gulf of Maine / Georges Bank",1985,15500,"Recruitment","Abundance, Age 1 (Mean)","Number x 1,000"
"414","Pollock","Gulf of Maine / Georges Bank",1986,20300,"Recruitment","Abundance, Age 1 (Mean)","Number x 1,000"
"415","Pollock","Gulf of Maine / Georges Bank",1987,16700,"Recruitment","Abundance, Age 1 (Mean)","Number x 1,000"
"416","Pollock","Gulf of Maine / Georges Bank",1988,22200,"Recruitment","Abundance, Age 1 (Mean)","Number x 1,000"
"417","Pollock","Gulf of Maine / Georges Bank",1989,9900,"Recruitment","Abundance, Age 1 (Mean)","Number x 1,000"
"418","Pollock","Gulf of Maine / Georges Bank",1990,10400,"Recruitment","Abundance, Age 1 (Mean)","Number x 1,000"
"419","Pollock","Gulf of Maine / Georges Bank",1991,19400,"Recruitment","Abundance, Age 1 (Mean)","Number x 1,000"
"420","Pollock","Gulf of Maine / Georges Bank",1992,32100,"Recruitment","Abundance, Age 1 (Mean)","Number x 1,000"
"421","Pollock","Gulf of Maine / Georges Bank",1993,29500,"Recruitment","Abundance, Age 1 (Mean)","Number x 1,000"
"422","Pollock","Gulf of Maine / Georges Bank",1994,18200,"Recruitment","Abundance, Age 1 (Mean)","Number x 1,000"
"423","Pollock","Gulf of Maine / Georges Bank",1995,23800,"Recruitment","Abundance, Age 1 (Mean)","Number x 1,000"
"424","Pollock","Gulf of Maine / Georges Bank",1996,30100,"Recruitment","Abundance, Age 1 (Mean)","Number x 1,000"
"425","Pollock","Gulf of Maine / Georges Bank",1997,26000,"Recruitment","Abundance, Age 1 (Mean)","Number x 1,000"
"426","Pollock","Gulf of Maine / Georges Bank",1998,44100,"Recruitment","Abundance, Age 1 (Mean)","Number x 1,000"
"427","Pollock","Gulf of Maine / Georges Bank",1999,49100,"Recruitment","Abundance, Age 1 (Mean)","Number x 1,000"
"428","Pollock","Gulf of Maine / Georges Bank",2000,43800,"Recruitment","Abundance, Age 1 (Mean)","Number x 1,000"
"429","Pollock","Gulf of Maine / Georges Bank",2001,28300,"Recruitment","Abundance, Age 1 (Mean)","Number x 1,000"
"430","Pollock","Gulf of Maine / Georges Bank",2002,28100,"Recruitment","Abundance, Age 1 (Mean)","Number x 1,000"
"431","Pollock","Gulf of Maine / Georges Bank",2003,16700,"Recruitment","Abundance, Age 1 (Mean)","Number x 1,000"
"432","Pollock","Gulf of Maine / Georges Bank",2004,18400,"Recruitment","Abundance, Age 1 (Mean)","Number x 1,000"
"433","Pollock","Gulf of Maine / Georges Bank",2005,16500,"Recruitment","Abundance, Age 1 (Mean)","Number x 1,000"
"434","Pollock","Gulf of Maine / Georges Bank",2006,21100,"Recruitment","Abundance, Age 1 (Mean)","Number x 1,000"
"435","Pollock","Gulf of Maine / Georges Bank",2007,20300,"Recruitment","Abundance, Age 1 (Mean)","Number x 1,000"
"436","Pollock","Gulf of Maine / Georges Bank",2008,20400,"Recruitment","Abundance, Age 1 (Mean)","Number x 1,000"
"437","Pollock","Gulf of Maine / Georges Bank",2009,14300,"Recruitment","Abundance, Age 1 (Mean)","Number x 1,000"
"438","Pollock","Gulf of Maine / Georges Bank",2010,23300,"Recruitment","Abundance, Age 1 (Mean)","Number x 1,000"
"439","Pollock","Gulf of Maine / Georges Bank",2011,35600,"Recruitment","Abundance, Age 1 (Mean)","Number x 1,000"
"440","Pollock","Gulf of Maine / Georges Bank",2012,60600,"Recruitment","Abundance, Age 1 (Mean)","Number x 1,000"
"441","Pollock","Gulf of Maine / Georges Bank",2013,46400,"Recruitment","Abundance, Age 1 (Mean)","Number x 1,000"
"442","Pollock","Gulf of Maine / Georges Bank",2014,103700,"Recruitment","Abundance, Age 1 (Mean)","Number x 1,000"
"443","Pollock","Gulf of Maine / Georges Bank",2015,43300,"Recruitment","Abundance, Age 1 (Mean)","Number x 1,000"
"444","Pollock","Gulf of Maine / Georges Bank",2016,20100,"Recruitment","Abundance, Age 1 (Mean)","Number x 1,000"
"445","White hake","Gulf of Maine / Georges Bank",1963,3284,"Recruitment","Abundance, Age 1 (Mean)","Number x 1,000"
"446","White hake","Gulf of Maine / Georges Bank",1964,2810,"Recruitment","Abundance, Age 1 (Mean)","Number x 1,000"
"447","White hake","Gulf of Maine / Georges Bank",1965,3955,"Recruitment","Abundance, Age 1 (Mean)","Number x 1,000"
"448","White hake","Gulf of Maine / Georges Bank",1966,4568,"Recruitment","Abundance, Age 1 (Mean)","Number x 1,000"
"449","White hake","Gulf of Maine / Georges Bank",1967,4838,"Recruitment","Abundance, Age 1 (Mean)","Number x 1,000"
"450","White hake","Gulf of Maine / Georges Bank",1968,5783,"Recruitment","Abundance, Age 1 (Mean)","Number x 1,000"
"451","White hake","Gulf of Maine / Georges Bank",1969,5002,"Recruitment","Abundance, Age 1 (Mean)","Number x 1,000"
"452","White hake","Gulf of Maine / Georges Bank",1970,6524,"Recruitment","Abundance, Age 1 (Mean)","Number x 1,000"
"453","White hake","Gulf of Maine / Georges Bank",1971,7949,"Recruitment","Abundance, Age 1 (Mean)","Number x 1,000"
"454","White hake","Gulf of Maine / Georges Bank",1972,5049,"Recruitment","Abundance, Age 1 (Mean)","Number x 1,000"
"455","White hake","Gulf of Maine / Georges Bank",1973,4644,"Recruitment","Abundance, Age 1 (Mean)","Number x 1,000"
"456","White hake","Gulf of Maine / Georges Bank",1974,5614,"Recruitment","Abundance, Age 1 (Mean)","Number x 1,000"
"457","White hake","Gulf of Maine / Georges Bank",1975,4589,"Recruitment","Abundance, Age 1 (Mean)","Number x 1,000"
"458","White hake","Gulf of Maine / Georges Bank",1976,4716,"Recruitment","Abundance, Age 1 (Mean)","Number x 1,000"
"459","White hake","Gulf of Maine / Georges Bank",1977,6266,"Recruitment","Abundance, Age 1 (Mean)","Number x 1,000"
"460","White hake","Gulf of Maine / Georges Bank",1978,6156,"Recruitment","Abundance, Age 1 (Mean)","Number x 1,000"
"461","White hake","Gulf of Maine / Georges Bank",1979,3450,"Recruitment","Abundance, Age 1 (Mean)","Number x 1,000"
"462","White hake","Gulf of Maine / Georges Bank",1980,6312,"Recruitment","Abundance, Age 1 (Mean)","Number x 1,000"
"463","White hake","Gulf of Maine / Georges Bank",1981,5087,"Recruitment","Abundance, Age 1 (Mean)","Number x 1,000"
"464","White hake","Gulf of Maine / Georges Bank",1982,5875,"Recruitment","Abundance, Age 1 (Mean)","Number x 1,000"
"465","White hake","Gulf of Maine / Georges Bank",1983,3611,"Recruitment","Abundance, Age 1 (Mean)","Number x 1,000"
"466","White hake","Gulf of Maine / Georges Bank",1984,5320,"Recruitment","Abundance, Age 1 (Mean)","Number x 1,000"
"467","White hake","Gulf of Maine / Georges Bank",1985,10304,"Recruitment","Abundance, Age 1 (Mean)","Number x 1,000"
"468","White hake","Gulf of Maine / Georges Bank",1986,5548,"Recruitment","Abundance, Age 1 (Mean)","Number x 1,000"
"469","White hake","Gulf of Maine / Georges Bank",1987,8510,"Recruitment","Abundance, Age 1 (Mean)","Number x 1,000"
"470","White hake","Gulf of Maine / Georges Bank",1988,8339,"Recruitment","Abundance, Age 1 (Mean)","Number x 1,000"
"471","White hake","Gulf of Maine / Georges Bank",1989,12206,"Recruitment","Abundance, Age 1 (Mean)","Number x 1,000"
"472","White hake","Gulf of Maine / Georges Bank",1990,12785,"Recruitment","Abundance, Age 1 (Mean)","Number x 1,000"
"473","White hake","Gulf of Maine / Georges Bank",1991,7940,"Recruitment","Abundance, Age 1 (Mean)","Number x 1,000"
"474","White hake","Gulf of Maine / Georges Bank",1992,6871,"Recruitment","Abundance, Age 1 (Mean)","Number x 1,000"
"475","White hake","Gulf of Maine / Georges Bank",1993,6577,"Recruitment","Abundance, Age 1 (Mean)","Number x 1,000"
"476","White hake","Gulf of Maine / Georges Bank",1994,4417,"Recruitment","Abundance, Age 1 (Mean)","Number x 1,000"
"477","White hake","Gulf of Maine / Georges Bank",1995,2742,"Recruitment","Abundance, Age 1 (Mean)","Number x 1,000"
"478","White hake","Gulf of Maine / Georges Bank",1996,3462,"Recruitment","Abundance, Age 1 (Mean)","Number x 1,000"
"479","White hake","Gulf of Maine / Georges Bank",1997,4507,"Recruitment","Abundance, Age 1 (Mean)","Number x 1,000"
"480","White hake","Gulf of Maine / Georges Bank",1998,4505,"Recruitment","Abundance, Age 1 (Mean)","Number x 1,000"
"481","White hake","Gulf of Maine / Georges Bank",1999,6027,"Recruitment","Abundance, Age 1 (Mean)","Number x 1,000"
"482","White hake","Gulf of Maine / Georges Bank",2000,2556,"Recruitment","Abundance, Age 1 (Mean)","Number x 1,000"
"483","White hake","Gulf of Maine / Georges Bank",2001,2198,"Recruitment","Abundance, Age 1 (Mean)","Number x 1,000"
"484","White hake","Gulf of Maine / Georges Bank",2002,2327,"Recruitment","Abundance, Age 1 (Mean)","Number x 1,000"
"485","White hake","Gulf of Maine / Georges Bank",2003,2257,"Recruitment","Abundance, Age 1 (Mean)","Number x 1,000"
"486","White hake","Gulf of Maine / Georges Bank",2004,2049,"Recruitment","Abundance, Age 1 (Mean)","Number x 1,000"
"487","White hake","Gulf of Maine / Georges Bank",2005,3323,"Recruitment","Abundance, Age 1 (Mean)","Number x 1,000"
"488","White hake","Gulf of Maine / Georges Bank",2006,4085,"Recruitment","Abundance, Age 1 (Mean)","Number x 1,000"
"489","White hake","Gulf of Maine / Georges Bank",2007,3335,"Recruitment","Abundance, Age 1 (Mean)","Number x 1,000"
"490","White hake","Gulf of Maine / Georges Bank",2008,3822,"Recruitment","Abundance, Age 1 (Mean)","Number x 1,000"
"491","White hake","Gulf of Maine / Georges Bank",2009,3858,"Recruitment","Abundance, Age 1 (Mean)","Number x 1,000"
"492","White hake","Gulf of Maine / Georges Bank",2010,3359,"Recruitment","Abundance, Age 1 (Mean)","Number x 1,000"
"493","White hake","Gulf of Maine / Georges Bank",2011,3072,"Recruitment","Abundance, Age 1 (Mean)","Number x 1,000"
"494","White hake","Gulf of Maine / Georges Bank",2012,2746,"Recruitment","Abundance, Age 1 (Mean)","Number x 1,000"
"495","White hake","Gulf of Maine / Georges Bank",2013,2820,"Recruitment","Abundance, Age 1 (Mean)","Number x 1,000"
"496","White hake","Gulf of Maine / Georges Bank",2014,2896,"Recruitment","Abundance, Age 1 (Mean)","Number x 1,000"
"497","White hake","Gulf of Maine / Georges Bank",2015,5497,"Recruitment","Abundance, Age 1 (Mean)","Number x 1,000"
"498","White hake","Gulf of Maine / Georges Bank",2016,4925,"Recruitment","Abundance, Age 1 (Mean)","Number x 1,000"
"499","Winter flounder","Georges Bank",1982,13764,"Recruitment","Abundance, Age 1 (Mean)","Number x 1,000"
"500","Winter flounder","Georges Bank",1983,8338,"Recruitment","Abundance, Age 1 (Mean)","Number x 1,000"
"501","Winter flounder","Georges Bank",1984,17881,"Recruitment","Abundance, Age 1 (Mean)","Number x 1,000"
"502","Winter flounder","Georges Bank",1985,16791,"Recruitment","Abundance, Age 1 (Mean)","Number x 1,000"
"503","Winter flounder","Georges Bank",1986,21914,"Recruitment","Abundance, Age 1 (Mean)","Number x 1,000"
"504","Winter flounder","Georges Bank",1987,15543,"Recruitment","Abundance, Age 1 (Mean)","Number x 1,000"
"505","Winter flounder","Georges Bank",1988,26317,"Recruitment","Abundance, Age 1 (Mean)","Number x 1,000"
"506","Winter flounder","Georges Bank",1989,14914,"Recruitment","Abundance, Age 1 (Mean)","Number x 1,000"
"507","Winter flounder","Georges Bank",1990,9880,"Recruitment","Abundance, Age 1 (Mean)","Number x 1,000"
"508","Winter flounder","Georges Bank",1991,13245,"Recruitment","Abundance, Age 1 (Mean)","Number x 1,000"
"509","Winter flounder","Georges Bank",1992,6414,"Recruitment","Abundance, Age 1 (Mean)","Number x 1,000"
"510","Winter flounder","Georges Bank",1993,5221,"Recruitment","Abundance, Age 1 (Mean)","Number x 1,000"
"511","Winter flounder","Georges Bank",1994,7372,"Recruitment","Abundance, Age 1 (Mean)","Number x 1,000"
"512","Winter flounder","Georges Bank",1995,22930,"Recruitment","Abundance, Age 1 (Mean)","Number x 1,000"
"513","Winter flounder","Georges Bank",1996,16468,"Recruitment","Abundance, Age 1 (Mean)","Number x 1,000"
"514","Winter flounder","Georges Bank",1997,16266,"Recruitment","Abundance, Age 1 (Mean)","Number x 1,000"
"515","Winter flounder","Georges Bank",1998,18763,"Recruitment","Abundance, Age 1 (Mean)","Number x 1,000"
"516","Winter flounder","Georges Bank",1999,18315,"Recruitment","Abundance, Age 1 (Mean)","Number x 1,000"
"517","Winter flounder","Georges Bank",2000,14486,"Recruitment","Abundance, Age 1 (Mean)","Number x 1,000"
"518","Winter flounder","Georges Bank",2001,8652,"Recruitment","Abundance, Age 1 (Mean)","Number x 1,000"
"519","Winter flounder","Georges Bank",2002,6785,"Recruitment","Abundance, Age 1 (Mean)","Number x 1,000"
"520","Winter flounder","Georges Bank",2003,5167,"Recruitment","Abundance, Age 1 (Mean)","Number x 1,000"
"521","Winter flounder","Georges Bank",2004,4276,"Recruitment","Abundance, Age 1 (Mean)","Number x 1,000"
"522","Winter flounder","Georges Bank",2005,3917,"Recruitment","Abundance, Age 1 (Mean)","Number x 1,000"
"523","Winter flounder","Georges Bank",2006,6220,"Recruitment","Abundance, Age 1 (Mean)","Number x 1,000"
"524","Winter flounder","Georges Bank",2007,9677,"Recruitment","Abundance, Age 1 (Mean)","Number x 1,000"
"525","Winter flounder","Georges Bank",2008,13702,"Recruitment","Abundance, Age 1 (Mean)","Number x 1,000"
"526","Winter flounder","Georges Bank",2009,13318,"Recruitment","Abundance, Age 1 (Mean)","Number x 1,000"
"527","Winter flounder","Georges Bank",2010,6795,"Recruitment","Abundance, Age 1 (Mean)","Number x 1,000"
"528","Winter flounder","Georges Bank",2011,7258,"Recruitment","Abundance, Age 1 (Mean)","Number x 1,000"
"529","Winter flounder","Georges Bank",2012,5346,"Recruitment","Abundance, Age 1 (Mean)","Number x 1,000"
"530","Winter flounder","Georges Bank",2013,5668,"Recruitment","Abundance, Age 1 (Mean)","Number x 1,000"
"531","Winter flounder","Georges Bank",2014,3391,"Recruitment","Abundance, Age 1 (Mean)","Number x 1,000"
"532","Winter flounder","Georges Bank",2015,800,"Recruitment","Abundance, Age 1 (Mean)","Number x 1,000"
"533","Winter flounder","Georges Bank",2016,2556,"Recruitment","Abundance, Age 1 (Mean)","Number x 1,000"
"534","Winter flounder","Southern New England / Mid",1981,68685,"Recruitment","Abundance, Age 1 (Mean)","Number x 1,000"
"535","Winter flounder","Southern New England / Mid",1982,60952,"Recruitment","Abundance, Age 1 (Mean)","Number x 1,000"
"536","Winter flounder","Southern New England / Mid",1983,63254,"Recruitment","Abundance, Age 1 (Mean)","Number x 1,000"
"537","Winter flounder","Southern New England / Mid",1984,42165,"Recruitment","Abundance, Age 1 (Mean)","Number x 1,000"
"538","Winter flounder","Southern New England / Mid",1985,36738,"Recruitment","Abundance, Age 1 (Mean)","Number x 1,000"
"539","Winter flounder","Southern New England / Mid",1986,42796,"Recruitment","Abundance, Age 1 (Mean)","Number x 1,000"
"540","Winter flounder","Southern New England / Mid",1987,35216,"Recruitment","Abundance, Age 1 (Mean)","Number x 1,000"
"541","Winter flounder","Southern New England / Mid",1988,34456,"Recruitment","Abundance, Age 1 (Mean)","Number x 1,000"
"542","Winter flounder","Southern New England / Mid",1989,34108,"Recruitment","Abundance, Age 1 (Mean)","Number x 1,000"
"543","Winter flounder","Southern New England / Mid",1990,20372,"Recruitment","Abundance, Age 1 (Mean)","Number x 1,000"
"544","Winter flounder","Southern New England / Mid",1991,15478,"Recruitment","Abundance, Age 1 (Mean)","Number x 1,000"
"545","Winter flounder","Southern New England / Mid",1992,17281,"Recruitment","Abundance, Age 1 (Mean)","Number x 1,000"
"546","Winter flounder","Southern New England / Mid",1993,25443,"Recruitment","Abundance, Age 1 (Mean)","Number x 1,000"
"547","Winter flounder","Southern New England / Mid",1994,18911,"Recruitment","Abundance, Age 1 (Mean)","Number x 1,000"
"548","Winter flounder","Southern New England / Mid",1995,25525,"Recruitment","Abundance, Age 1 (Mean)","Number x 1,000"
"549","Winter flounder","Southern New England / Mid",1996,20751,"Recruitment","Abundance, Age 1 (Mean)","Number x 1,000"
"550","Winter flounder","Southern New England / Mid",1997,29271,"Recruitment","Abundance, Age 1 (Mean)","Number x 1,000"
"551","Winter flounder","Southern New England / Mid",1998,22820,"Recruitment","Abundance, Age 1 (Mean)","Number x 1,000"
"552","Winter flounder","Southern New England / Mid",1999,15964,"Recruitment","Abundance, Age 1 (Mean)","Number x 1,000"
"553","Winter flounder","Southern New England / Mid",2000,13262,"Recruitment","Abundance, Age 1 (Mean)","Number x 1,000"
"554","Winter flounder","Southern New England / Mid",2001,15640,"Recruitment","Abundance, Age 1 (Mean)","Number x 1,000"
"555","Winter flounder","Southern New England / Mid",2002,7646,"Recruitment","Abundance, Age 1 (Mean)","Number x 1,000"
"556","Winter flounder","Southern New England / Mid",2003,7562,"Recruitment","Abundance, Age 1 (Mean)","Number x 1,000"
"557","Winter flounder","Southern New England / Mid",2004,15520,"Recruitment","Abundance, Age 1 (Mean)","Number x 1,000"
"558","Winter flounder","Southern New England / Mid",2005,13393,"Recruitment","Abundance, Age 1 (Mean)","Number x 1,000"
"559","Winter flounder","Southern New England / Mid",2006,7393,"Recruitment","Abundance, Age 1 (Mean)","Number x 1,000"
"560","Winter flounder","Southern New England / Mid",2007,6157,"Recruitment","Abundance, Age 1 (Mean)","Number x 1,000"
"561","Winter flounder","Southern New England / Mid",2008,9140,"Recruitment","Abundance, Age 1 (Mean)","Number x 1,000"
"562","Winter flounder","Southern New England / Mid",2009,7075,"Recruitment","Abundance, Age 1 (Mean)","Number x 1,000"
"563","Winter flounder","Southern New England / Mid",2010,6532,"Recruitment","Abundance, Age 1 (Mean)","Number x 1,000"
"564","Winter flounder","Southern New England / Mid",2011,4873,"Recruitment","Abundance, Age 1 (Mean)","Number x 1,000"
"565","Winter flounder","Southern New England / Mid",2012,4464,"Recruitment","Abundance, Age 1 (Mean)","Number x 1,000"
"566","Winter flounder","Southern New England / Mid",2013,2390,"Recruitment","Abundance, Age 1 (Mean)","Number x 1,000"
"567","Winter flounder","Southern New England / Mid",2014,4102,"Recruitment","Abundance, Age 1 (Mean)","Number x 1,000"
"568","Winter flounder","Southern New England / Mid",2015,5742,"Recruitment","Abundance, Age 1 (Mean)","Number x 1,000"
"569","Winter flounder","Southern New England / Mid",2016,7549,"Recruitment","Abundance, Age 1 (Mean)","Number x 1,000"
"570","Yellowtail flounder","Cape Cod / Gulf of Maine",1985,11698,"Recruitment","Abundance, Age 1 (Mean)","Number x 1,000"
"571","Yellowtail flounder","Cape Cod / Gulf of Maine",1986,5778,"Recruitment","Abundance, Age 1 (Mean)","Number x 1,000"
"572","Yellowtail flounder","Cape Cod / Gulf of Maine",1987,8201,"Recruitment","Abundance, Age 1 (Mean)","Number x 1,000"
"573","Yellowtail flounder","Cape Cod / Gulf of Maine",1988,23080,"Recruitment","Abundance, Age 1 (Mean)","Number x 1,000"
"574","Yellowtail flounder","Cape Cod / Gulf of Maine",1989,8673,"Recruitment","Abundance, Age 1 (Mean)","Number x 1,000"
"575","Yellowtail flounder","Cape Cod / Gulf of Maine",1990,7361,"Recruitment","Abundance, Age 1 (Mean)","Number x 1,000"
"576","Yellowtail flounder","Cape Cod / Gulf of Maine",1991,9443,"Recruitment","Abundance, Age 1 (Mean)","Number x 1,000"
"577","Yellowtail flounder","Cape Cod / Gulf of Maine",1992,7880,"Recruitment","Abundance, Age 1 (Mean)","Number x 1,000"
"578","Yellowtail flounder","Cape Cod / Gulf of Maine",1993,5956,"Recruitment","Abundance, Age 1 (Mean)","Number x 1,000"
"579","Yellowtail flounder","Cape Cod / Gulf of Maine",1994,6707,"Recruitment","Abundance, Age 1 (Mean)","Number x 1,000"
"580","Yellowtail flounder","Cape Cod / Gulf of Maine",1995,5709,"Recruitment","Abundance, Age 1 (Mean)","Number x 1,000"
"581","Yellowtail flounder","Cape Cod / Gulf of Maine",1996,7197,"Recruitment","Abundance, Age 1 (Mean)","Number x 1,000"
"582","Yellowtail flounder","Cape Cod / Gulf of Maine",1997,7558,"Recruitment","Abundance, Age 1 (Mean)","Number x 1,000"
"583","Yellowtail flounder","Cape Cod / Gulf of Maine",1998,7841,"Recruitment","Abundance, Age 1 (Mean)","Number x 1,000"
"584","Yellowtail flounder","Cape Cod / Gulf of Maine",1999,9754,"Recruitment","Abundance, Age 1 (Mean)","Number x 1,000"
"585","Yellowtail flounder","Cape Cod / Gulf of Maine",2000,8843,"Recruitment","Abundance, Age 1 (Mean)","Number x 1,000"
"586","Yellowtail flounder","Cape Cod / Gulf of Maine",2001,6417,"Recruitment","Abundance, Age 1 (Mean)","Number x 1,000"
"587","Yellowtail flounder","Cape Cod / Gulf of Maine",2002,5202,"Recruitment","Abundance, Age 1 (Mean)","Number x 1,000"
"588","Yellowtail flounder","Cape Cod / Gulf of Maine",2003,3680,"Recruitment","Abundance, Age 1 (Mean)","Number x 1,000"
"589","Yellowtail flounder","Cape Cod / Gulf of Maine",2004,2954,"Recruitment","Abundance, Age 1 (Mean)","Number x 1,000"
"590","Yellowtail flounder","Cape Cod / Gulf of Maine",2005,2922,"Recruitment","Abundance, Age 1 (Mean)","Number x 1,000"
"591","Yellowtail flounder","Cape Cod / Gulf of Maine",2006,3574,"Recruitment","Abundance, Age 1 (Mean)","Number x 1,000"
"592","Yellowtail flounder","Cape Cod / Gulf of Maine",2007,3411,"Recruitment","Abundance, Age 1 (Mean)","Number x 1,000"
"593","Yellowtail flounder","Cape Cod / Gulf of Maine",2008,3735,"Recruitment","Abundance, Age 1 (Mean)","Number x 1,000"
"594","Yellowtail flounder","Cape Cod / Gulf of Maine",2009,3959,"Recruitment","Abundance, Age 1 (Mean)","Number x 1,000"
"595","Yellowtail flounder","Cape Cod / Gulf of Maine",2010,3251,"Recruitment","Abundance, Age 1 (Mean)","Number x 1,000"
"596","Yellowtail flounder","Cape Cod / Gulf of Maine",2011,2988,"Recruitment","Abundance, Age 1 (Mean)","Number x 1,000"
"597","Yellowtail flounder","Cape Cod / Gulf of Maine",2012,2685,"Recruitment","Abundance, Age 1 (Mean)","Number x 1,000"
"598","Yellowtail flounder","Cape Cod / Gulf of Maine",2013,4046,"Recruitment","Abundance, Age 1 (Mean)","Number x 1,000"
"599","Yellowtail flounder","Cape Cod / Gulf of Maine",2014,5728,"Recruitment","Abundance, Age 1 (Mean)","Number x 1,000"
"600","Yellowtail flounder","Cape Cod / Gulf of Maine",2015,7774,"Recruitment","Abundance, Age 1 (Mean)","Number x 1,000"
"601","Yellowtail flounder","Cape Cod / Gulf of Maine",2016,10165,"Recruitment","Abundance, Age 1 (Mean)","Number x 1,000"
"602","Yellowtail flounder","Southern New England / Mid",1973,35816,"Recruitment","Abundance, Age 1 (Mean)","Number x 1,000"
"603","Yellowtail flounder","Southern New England / Mid",1974,14709,"Recruitment","Abundance, Age 1 (Mean)","Number x 1,000"
"604","Yellowtail flounder","Southern New England / Mid",1975,39275,"Recruitment","Abundance, Age 1 (Mean)","Number x 1,000"
"605","Yellowtail flounder","Southern New England / Mid",1976,19425,"Recruitment","Abundance, Age 1 (Mean)","Number x 1,000"
"606","Yellowtail flounder","Southern New England / Mid",1977,63508,"Recruitment","Abundance, Age 1 (Mean)","Number x 1,000"
"607","Yellowtail flounder","Southern New England / Mid",1978,54915,"Recruitment","Abundance, Age 1 (Mean)","Number x 1,000"
"608","Yellowtail flounder","Southern New England / Mid",1979,49015,"Recruitment","Abundance, Age 1 (Mean)","Number x 1,000"
"609","Yellowtail flounder","Southern New England / Mid",1980,65782,"Recruitment","Abundance, Age 1 (Mean)","Number x 1,000"
"610","Yellowtail flounder","Southern New England / Mid",1981,168807,"Recruitment","Abundance, Age 1 (Mean)","Number x 1,000"
"611","Yellowtail flounder","Southern New England / Mid",1982,76381,"Recruitment","Abundance, Age 1 (Mean)","Number x 1,000"
"612","Yellowtail flounder","Southern New England / Mid",1983,18003,"Recruitment","Abundance, Age 1 (Mean)","Number x 1,000"
"613","Yellowtail flounder","Southern New England / Mid",1984,22417,"Recruitment","Abundance, Age 1 (Mean)","Number x 1,000"
"614","Yellowtail flounder","Southern New England / Mid",1985,30418,"Recruitment","Abundance, Age 1 (Mean)","Number x 1,000"
"615","Yellowtail flounder","Southern New England / Mid",1986,7986,"Recruitment","Abundance, Age 1 (Mean)","Number x 1,000"
"616","Yellowtail flounder","Southern New England / Mid",1987,14832,"Recruitment","Abundance, Age 1 (Mean)","Number x 1,000"
"617","Yellowtail flounder","Southern New England / Mid",1988,146483,"Recruitment","Abundance, Age 1 (Mean)","Number x 1,000"
"618","Yellowtail flounder","Southern New England / Mid",1989,43481,"Recruitment","Abundance, Age 1 (Mean)","Number x 1,000"
"619","Yellowtail flounder","Southern New England / Mid",1990,9810,"Recruitment","Abundance, Age 1 (Mean)","Number x 1,000"
"620","Yellowtail flounder","Southern New England / Mid",1991,2822,"Recruitment","Abundance, Age 1 (Mean)","Number x 1,000"
"621","Yellowtail flounder","Southern New England / Mid",1992,2515,"Recruitment","Abundance, Age 1 (Mean)","Number x 1,000"
"622","Yellowtail flounder","Southern New England / Mid",1993,4125,"Recruitment","Abundance, Age 1 (Mean)","Number x 1,000"
"623","Yellowtail flounder","Southern New England / Mid",1994,8351,"Recruitment","Abundance, Age 1 (Mean)","Number x 1,000"
"624","Yellowtail flounder","Southern New England / Mid",1995,6655,"Recruitment","Abundance, Age 1 (Mean)","Number x 1,000"
"625","Yellowtail flounder","Southern New England / Mid",1996,5014,"Recruitment","Abundance, Age 1 (Mean)","Number x 1,000"
"626","Yellowtail flounder","Southern New England / Mid",1997,12805,"Recruitment","Abundance, Age 1 (Mean)","Number x 1,000"
"627","Yellowtail flounder","Southern New England / Mid",1998,6937,"Recruitment","Abundance, Age 1 (Mean)","Number x 1,000"
"628","Yellowtail flounder","Southern New England / Mid",1999,11063,"Recruitment","Abundance, Age 1 (Mean)","Number x 1,000"
"629","Yellowtail flounder","Southern New England / Mid",2000,5108,"Recruitment","Abundance, Age 1 (Mean)","Number x 1,000"
"630","Yellowtail flounder","Southern New England / Mid",2001,4540,"Recruitment","Abundance, Age 1 (Mean)","Number x 1,000"
"631","Yellowtail flounder","Southern New England / Mid",2002,1661,"Recruitment","Abundance, Age 1 (Mean)","Number x 1,000"
"632","Yellowtail flounder","Southern New England / Mid",2003,1902,"Recruitment","Abundance, Age 1 (Mean)","Number x 1,000"
"633","Yellowtail flounder","Southern New England / Mid",2004,2625,"Recruitment","Abundance, Age 1 (Mean)","Number x 1,000"
"634","Yellowtail flounder","Southern New England / Mid",2005,8985,"Recruitment","Abundance, Age 1 (Mean)","Number x 1,000"
"635","Yellowtail flounder","Southern New England / Mid",2006,6694,"Recruitment","Abundance, Age 1 (Mean)","Number x 1,000"
"636","Yellowtail flounder","Southern New England / Mid",2007,2967,"Recruitment","Abundance, Age 1 (Mean)","Number x 1,000"
"637","Yellowtail flounder","Southern New England / Mid",2008,4914,"Recruitment","Abundance, Age 1 (Mean)","Number x 1,000"
"638","Yellowtail flounder","Southern New England / Mid",2009,4707,"Recruitment","Abundance, Age 1 (Mean)","Number x 1,000"
"639","Yellowtail flounder","Southern New England / Mid",2010,3753,"Recruitment","Abundance, Age 1 (Mean)","Number x 1,000"
"640","Yellowtail flounder","Southern New England / Mid",2011,7594,"Recruitment","Abundance, Age 1 (Mean)","Number x 1,000"
"641","Yellowtail flounder","Southern New England / Mid",2012,1919,"Recruitment","Abundance, Age 1 (Mean)","Number x 1,000"
"642","Yellowtail flounder","Southern New England / Mid",2013,1446,"Recruitment","Abundance, Age 1 (Mean)","Number x 1,000"
"643","Yellowtail flounder","Southern New England / Mid",2014,396.838989257812,"Recruitment","Abundance, Age 1 (Mean)","Number x 1,000"
"644","Yellowtail flounder","Southern New England / Mid",2015,320.273986816406,"Recruitment","Abundance, Age 1 (Mean)","Number x 1,000"
"645","Yellowtail flounder","Southern New England / Mid",2016,1393.2099609375,"Recruitment","Abundance, Age 1 (Mean)","Number x 1,000"
