"","Guild","size","Indicator","category","guild_risk","n_guild_species","n_guild_species_measured","avg_guild_risk","rank","norm_rank","total_guild_risk","sum_ranks","legend_label","label_y"
"1","demersal_benthivore","large","avg_length_fall","Biological",2.3921568627451,4,4,0.598039215686274,5,0.625,12.1908716384808,106,"Biological:
avg_length_fall",11.5928324227946
"2","demersal_benthivore","small","avg_length_fall","Biological",4.84640522875817,10,10,0.484640522875817,4,0.5,12.9544684790189,105,"Biological:
avg_length_fall",12.4698279561431
"3","demersal_omnivore","large","avg_length_fall","Biological",1.35294117647059,3,3,0.450980392156863,3,0.375,10.6010660037867,89,"Biological:
avg_length_fall",10.1500856116299
"4","demersal_omnivore","small","avg_length_fall","Biological",1.37254901960784,2,2,0.686274509803921,7,0.875,12.8942757922574,103,"Biological:
avg_length_fall",12.2080012824535
"5","demersal_piscivore","large","avg_length_fall","Biological",3.63725490196078,6,6,0.606209150326797,6,0.75,12.0568784932761,96,"Biological:
avg_length_fall",11.4506693429493
"6","demersal_piscivore","small","avg_length_fall","Biological",2.14705882352941,3,3,0.715686274509804,8,1,13.1363618161822,121,"Biological:
avg_length_fall",12.4206755416724
"7","megabenthos","small","avg_length_fall","Biological",0.875816993464052,2,2,0.437908496732026,2,0.25,14.1552223919416,155,"Biological:
avg_length_fall",13.7173138952096
"8","pelagic","small","avg_length_fall","Biological",1.03921568627451,5,5,0.207843137254902,1,0.125,13.9734386315244,125,"Biological:
avg_length_fall",13.7655954942695
"9","demersal_benthivore","large","avg_length_spring","Biological",2.86274509803922,4,4,0.715686274509804,8,1,12.1908716384808,106,"Biological:
avg_length_spring",10.8771461482848
"10","demersal_benthivore","small","avg_length_spring","Biological",4.78758169934641,10,10,0.47875816993464,4,0.5,12.9544684790189,105,"Biological:
avg_length_spring",11.9910697862084
"11","demersal_omnivore","large","avg_length_spring","Biological",1.09803921568627,3,3,0.366013071895425,3,0.375,10.6010660037867,89,"Biological:
avg_length_spring",9.78407253973444
"12","demersal_omnivore","small","avg_length_spring","Biological",0.549019607843138,2,2,0.274509803921569,1,0.125,12.8942757922574,103,"Biological:
avg_length_spring",11.9334914785319
"13","demersal_piscivore","large","avg_length_spring","Biological",2.13725490196078,6,6,0.356209150326797,2,0.25,12.0568784932761,96,"Biological:
avg_length_spring",11.0944601926225
"14","demersal_piscivore","small","avg_length_spring","Biological",2.00980392156863,3,3,0.669934640522876,7,0.875,13.1363618161822,121,"Biological:
avg_length_spring",11.7507409011495
"15","megabenthos","small","avg_length_spring","Biological",1.23529411764706,2,2,0.617647058823529,6,0.75,14.1552223919416,155,"Biological:
avg_length_spring",13.0996668363861
"16","pelagic","small","avg_length_spring","Biological",2.50980392156863,5,5,0.501960784313726,5,0.625,13.9734386315244,125,"Biological:
avg_length_spring",13.2636347099557
"17","demersal_benthivore","large","diet","Biological",2.36363636363636,4,4,0.590909090909091,7,0.875,12.1908716384808,106,"Biological:
diet",10.2862370573757
"18","demersal_benthivore","small","diet","Biological",4.27272727272727,10,10,0.427272727272727,4,0.5,12.9544684790189,105,"Biological:
diet",11.5637970589357
"19","demersal_omnivore","large","diet","Biological",1.27272727272727,3,3,0.424242424242424,3,0.375,10.6010660037867,89,"Biological:
diet",9.35983011549201
"20","demersal_omnivore","small","diet","Biological",0.454545454545455,2,2,0.227272727272727,1,0.125,12.8942757922574,103,"Biological:
diet",11.7062187512592
"21","demersal_piscivore","large","diet","Biological",2.36363636363637,6,6,0.393939393939394,2,0.25,12.0568784932761,96,"Biological:
diet",10.7005207986831
"22","demersal_piscivore","small","diet","Biological",1.63636363636364,3,3,0.545454545454545,6,0.75,13.1363618161822,121,"Biological:
diet",11.205286355695
"23","megabenthos","small","diet","Biological",0,2,0,NA,8,1,14.1552223919416,155,"Biological:
diet",NA
"24","pelagic","small","diet","Biological",2.27272727272727,5,5,0.454545454545455,5,0.625,13.9734386315244,125,"Biological:
diet",12.8090892554103
"25","demersal_benthivore","large","max_length_fall","Biological",2.29411764705882,4,4,0.573529411764706,7,0.875,12.1908716384808,106,"Biological:
max_length_fall",9.71270764561096
"26","demersal_benthivore","small","max_length_fall","Biological",5.18300653594771,10,10,0.518300653594771,5,0.625,12.9544684790189,105,"Biological:
max_length_fall",11.0454964053409
"27","demersal_omnivore","large","max_length_fall","Biological",1.27450980392157,3,3,0.42483660130719,3,0.375,10.6010660037867,89,"Biological:
max_length_fall",8.93499351418482
"28","demersal_omnivore","small","max_length_fall","Biological",1.05882352941176,2,2,0.529411764705882,6,0.75,12.8942757922574,103,"Biological:
max_length_fall",11.1768069865533
"29","demersal_piscivore","large","max_length_fall","Biological",3.80392156862745,6,6,0.633986928104575,8,1,12.0568784932761,96,"Biological:
max_length_fall",10.0665338705785
"30","demersal_piscivore","small","max_length_fall","Biological",1.08823529411765,3,3,0.362745098039216,1,0.125,13.1363618161822,121,"Biological:
max_length_fall",10.8425412576557
"31","megabenthos","small","max_length_fall","Biological",0.96078431372549,2,2,0.480392156862745,4,0.5,14.1552223919416,155,"Biological:
max_length_fall",NA
"32","pelagic","small","max_length_fall","Biological",2.11764705882353,5,5,0.423529411764706,2,0.25,13.9734386315244,125,"Biological:
max_length_fall",12.3855598436456
"33","demersal_benthivore","large","max_length_spring","Biological",2.33333333333333,4,4,0.583333333333333,5,0.625,12.1908716384808,106,"Biological:
max_length_spring",9.12937431227762
"34","demersal_benthivore","small","max_length_spring","Biological",5.19281045751634,10,10,0.519281045751634,4,0.5,12.9544684790189,105,"Biological:
max_length_spring",10.5262153595893
"35","demersal_omnivore","large","max_length_spring","Biological",0.882352941176471,3,3,0.294117647058824,2,0.25,10.6010660037867,89,"Biological:
max_length_spring",8.640875867126
"36","demersal_omnivore","small","max_length_spring","Biological",0.764705882352941,2,2,0.38235294117647,3,0.375,12.8942757922574,103,"Biological:
max_length_spring",10.7944540453768
"37","demersal_piscivore","large","max_length_spring","Biological",3.64705882352941,6,6,0.607843137254902,6,0.75,12.0568784932761,96,"Biological:
max_length_spring",9.45869073332359
"38","demersal_piscivore","small","max_length_spring","Biological",2.1078431372549,3,3,0.702614379084967,8,1,13.1363618161822,121,"Biological:
max_length_spring",10.1399268785708
"39","megabenthos","small","max_length_spring","Biological",0.535947712418301,2,2,0.26797385620915,1,0.125,14.1552223919416,155,"Biological:
max_length_spring",NA
"40","pelagic","small","max_length_spring","Biological",3.23529411764706,5,5,0.647058823529412,7,0.875,13.9734386315244,125,"Biological:
max_length_spring",11.7385010201162
"41","demersal_benthivore","large","habitat_vulnerability","Habitat",0.75,4,1,0.75,5,0.625,12.1908716384808,106,"Habitat:
habitat_vulnerability",8.37937431227762
"42","demersal_benthivore","small","habitat_vulnerability","Habitat",1.75,10,3,0.583333333333333,4,0.5,12.9544684790189,105,"Habitat:
habitat_vulnerability",9.94288202625596
"43","demersal_omnivore","large","habitat_vulnerability","Habitat",0,3,0,NA,7,0.875,10.6010660037867,89,"Habitat:
habitat_vulnerability",NA
"44","demersal_omnivore","small","habitat_vulnerability","Habitat",1,2,2,0.5,2,0.25,12.8942757922574,103,"Habitat:
habitat_vulnerability",10.2944540453768
"45","demersal_piscivore","large","habitat_vulnerability","Habitat",1,6,2,0.5,2,0.25,12.0568784932761,96,"Habitat:
habitat_vulnerability",8.95869073332359
"46","demersal_piscivore","small","habitat_vulnerability","Habitat",0.5,3,1,0.5,2,0.25,13.1363618161822,121,"Habitat:
habitat_vulnerability",9.63992687857078
"47","megabenthos","small","habitat_vulnerability","Habitat",0,2,0,NA,8,1,14.1552223919416,155,"Habitat:
habitat_vulnerability",NA
"48","pelagic","small","habitat_vulnerability","Habitat",2,5,2,1,6,0.75,13.9734386315244,125,"Habitat:
habitat_vulnerability",10.7385010201162
"49","demersal_benthivore","large","NRCC_ranking","Management",0.863636364,4,4,0.215909091,2,0.25,12.1908716384808,106,"Management:
NRCC_ranking",8.16346522127762
"50","demersal_benthivore","small","NRCC_ranking","Management",5.00568181783333,10,10,0.500568181783333,5,0.625,12.9544684790189,105,"Management:
NRCC_ranking",9.44231384447263
"51","demersal_omnivore","large","NRCC_ranking","Management",0.568181819,3,3,0.189393939666667,1,0.125,10.6010660037867,89,"Management:
NRCC_ranking",NA
"52","demersal_omnivore","small","NRCC_ranking","Management",0.988636364,2,2,0.494318182,4,0.5,12.8942757922574,103,"Management:
NRCC_ranking",9.80013586337681
"53","demersal_piscivore","large","NRCC_ranking","Management",2.727272728,6,5,0.5454545456,6,0.75,12.0568784932761,96,"Management:
NRCC_ranking",8.41323618772359
"54","demersal_piscivore","small","NRCC_ranking","Management",1.232954545,3,2,0.6164772725,7,0.875,13.1363618161822,121,"Management:
NRCC_ranking",9.02344960607078
"55","megabenthos","small","NRCC_ranking","Management",0.3295454545,2,1,0.3295454545,3,0.375,14.1552223919416,155,"Management:
NRCC_ranking",NA
"56","pelagic","small","NRCC_ranking","Management",2.022727274,5,3,0.674242424666667,8,1,13.9734386315244,125,"Management:
NRCC_ranking",10.0642585954495
"57","demersal_benthivore","large","abundance_fall","Population",2.43137254901961,4,4,0.607843137254902,6,0.75,12.1908716384808,106,"Population:
abundance_fall",7.55562208402272
"58","demersal_benthivore","small","abundance_fall","Population",5.55555555555556,10,10,0.555555555555556,5,0.625,12.9544684790189,105,"Population:
abundance_fall",8.88675828891708
"59","demersal_omnivore","large","abundance_fall","Population",1.47058823529412,3,3,0.490196078431373,3,0.375,10.6010660037867,89,"Population:
abundance_fall",NA
"60","demersal_omnivore","small","abundance_fall","Population",1.09803921568627,2,2,0.549019607843137,4,0.5,12.8942757922574,103,"Population:
abundance_fall",9.25111625553367
"61","demersal_piscivore","large","abundance_fall","Population",2.00980392156863,6,6,0.334967320261438,2,0.25,12.0568784932761,96,"Population:
abundance_fall",8.07826886746215
"62","demersal_piscivore","small","abundance_fall","Population",1.86274509803922,3,3,0.620915032679738,8,1,13.1363618161822,121,"Population:
abundance_fall",8.40253457339104
"63","megabenthos","small","abundance_fall","Population",0.640522875816993,2,2,0.320261437908497,1,0.125,14.1552223919416,155,"Population:
abundance_fall",NA
"64","pelagic","small","abundance_fall","Population",3.03921568627451,5,5,0.607843137254902,7,0.875,13.9734386315244,125,"Population:
abundance_fall",9.45641545819459
"65","demersal_benthivore","large","abundance_spring","Population",1.94117647058823,4,4,0.485294117647059,3,0.375,12.1908716384808,106,"Population:
abundance_spring",7.07032796637566
"66","demersal_benthivore","small","abundance_spring","Population",5.42156862745098,10,10,0.542156862745098,6,0.75,12.9544684790189,105,"Population:
abundance_spring",8.34460142617198
"67","demersal_omnivore","large","abundance_spring","Population",0.882352941176471,3,3,0.294117647058824,1,0.125,10.6010660037867,89,"Population:
abundance_spring",NA
"68","demersal_omnivore","small","abundance_spring","Population",1.05882352941176,2,2,0.529411764705882,4,0.5,12.8942757922574,103,"Population:
abundance_spring",8.72170449082779
"69","demersal_piscivore","large","abundance_spring","Population",2.14705882352941,6,6,0.357843137254902,2,0.25,12.0568784932761,96,"Population:
abundance_spring",7.72042573020725
"70","demersal_piscivore","small","abundance_spring","Population",1.81372549019608,3,3,0.604575163398693,8,1,13.1363618161822,121,"Population:
abundance_spring",7.79795940999235
"71","megabenthos","small","abundance_spring","Population",1.09150326797386,2,2,0.545751633986928,7,0.875,14.1552223919416,155,"Population:
abundance_spring",NA
"72","pelagic","small","abundance_spring","Population",2.70588235294118,5,5,0.541176470588235,5,0.625,13.9734386315244,125,"Population:
abundance_spring",8.91523898760635
"73","demersal_benthivore","large","asmt_abundance","Population",0,4,0,NA,3,0.375,12.1908716384808,106,"Population:
asmt_abundance",NA
"74","demersal_benthivore","small","asmt_abundance","Population",0.357142857142857,10,1,0.357142857142857,1,0.125,12.9544684790189,105,"Population:
asmt_abundance",7.98745856902912
"75","demersal_omnivore","large","asmt_abundance","Population",0,3,0,NA,4,0.5,10.6010660037867,89,"Population:
asmt_abundance",NA
"76","demersal_omnivore","small","asmt_abundance","Population",0,2,0,NA,5,0.625,12.8942757922574,103,"Population:
asmt_abundance",NA
"77","demersal_piscivore","large","asmt_abundance","Population",0.714285714285715,6,2,0.357142857142857,2,0.25,12.0568784932761,96,"Population:
asmt_abundance",7.36328287306439
"78","demersal_piscivore","small","asmt_abundance","Population",0,3,0,NA,6,0.75,13.1363618161822,121,"Population:
asmt_abundance",NA
"79","megabenthos","small","asmt_abundance","Population",0,2,0,NA,7,0.875,14.1552223919416,155,"Population:
asmt_abundance",NA
"80","pelagic","small","asmt_abundance","Population",0,5,0,NA,8,1,13.9734386315244,125,"Population:
asmt_abundance",NA
"81","demersal_benthivore","large","asmt_biomass","Population",2.22222222222222,4,4,0.555555555555555,5,0.625,12.1908716384808,106,"Population:
asmt_biomass",NA
"82","demersal_benthivore","small","asmt_biomass","Population",5.15277777777778,10,10,0.515277777777778,3,0.375,12.9544684790189,105,"Population:
asmt_biomass",7.47218079125134
"83","demersal_omnivore","large","asmt_biomass","Population",2.19444444444445,3,3,0.731481481481482,7,0.875,10.6010660037867,89,"Population:
asmt_biomass",NA
"84","demersal_omnivore","small","asmt_biomass","Population",1.27777777777778,2,2,0.638888888888889,6,0.75,12.8942757922574,103,"Population:
asmt_biomass",NA
"85","demersal_piscivore","large","asmt_biomass","Population",1.66666666666667,6,5,0.333333333333333,1,0.125,12.0568784932761,96,"Population:
asmt_biomass",7.02994953973106
"86","demersal_piscivore","small","asmt_biomass","Population",0.694444444444445,3,2,0.347222222222223,2,0.25,13.1363618161822,121,"Population:
asmt_biomass",NA
"87","megabenthos","small","asmt_biomass","Population",0,2,0,NA,8,1,14.1552223919416,155,"Population:
asmt_biomass",NA
"88","pelagic","small","asmt_biomass","Population",1.55555555555555,5,3,0.518518518518518,4,0.5,13.9734386315244,125,"Population:
asmt_biomass",NA
"89","demersal_benthivore","large","bbmsy","Population",2.46341463414634,4,4,0.615853658536585,6,0.75,12.1908716384808,106,"Population:
bbmsy",NA
"90","demersal_benthivore","small","bbmsy","Population",4.38821138211382,10,10,0.438821138211382,3,0.375,12.9544684790189,105,"Population:
bbmsy",7.03335965303996
"91","demersal_omnivore","large","bbmsy","Population",1.65853658536585,3,3,0.552845528455284,5,0.625,10.6010660037867,89,"Population:
bbmsy",NA
"92","demersal_omnivore","small","bbmsy","Population",0.560975609756097,2,2,0.280487804878049,1,0.125,12.8942757922574,103,"Population:
bbmsy",NA
"93","demersal_piscivore","large","bbmsy","Population",3.23780487804878,6,5,0.647560975609756,7,0.875,12.0568784932761,96,"Population:
bbmsy",6.3823885641213
"94","demersal_piscivore","small","bbmsy","Population",0.841463414634147,3,2,0.420731707317074,2,0.25,13.1363618161822,121,"Population:
bbmsy",NA
"95","megabenthos","small","bbmsy","Population",0,2,0,NA,8,1,14.1552223919416,155,"Population:
bbmsy",NA
"96","pelagic","small","bbmsy","Population",1.5609756097561,5,3,0.520325203252033,4,0.5,13.9734386315244,125,"Population:
bbmsy",NA
"97","demersal_benthivore","large","biomass_fall","Population",2.09803921568627,4,4,0.524509803921568,4,0.5,12.1908716384808,106,"Population:
biomass_fall",NA
"98","demersal_benthivore","small","biomass_fall","Population",4.85294117647059,10,10,0.485294117647059,3,0.375,12.9544684790189,105,"Population:
biomass_fall",6.5480655353929
"99","demersal_omnivore","large","biomass_fall","Population",1.76470588235294,3,3,0.588235294117647,6,0.75,10.6010660037867,89,"Population:
biomass_fall",NA
"100","demersal_omnivore","small","biomass_fall","Population",1.66666666666667,2,2,0.833333333333333,8,1,12.8942757922574,103,"Population:
biomass_fall",NA
"101","demersal_piscivore","large","biomass_fall","Population",1.72549019607843,6,6,0.287581699346405,1,0.125,12.0568784932761,96,"Population:
biomass_fall",6.09480686477489
"102","demersal_piscivore","small","biomass_fall","Population",1.65686274509804,3,3,0.552287581699346,5,0.625,13.1363618161822,121,"Population:
biomass_fall",NA
"103","megabenthos","small","biomass_fall","Population",0.895424836601307,2,2,0.447712418300654,2,0.25,14.1552223919416,155,"Population:
biomass_fall",NA
"104","pelagic","small","biomass_fall","Population",3.82352941176471,5,5,0.764705882352941,7,0.875,13.9734386315244,125,"Population:
biomass_fall",NA
"105","demersal_benthivore","large","biomass_spring","Population",2.68627450980392,4,4,0.67156862745098,8,1,12.1908716384808,106,"Population:
biomass_spring",NA
"106","demersal_benthivore","small","biomass_spring","Population",5.08823529411765,10,10,0.508823529411765,3,0.375,12.9544684790189,105,"Population:
biomass_spring",6.03924200598114
"107","demersal_omnivore","large","biomass_spring","Population",0.784313725490197,3,3,0.261437908496732,1,0.125,10.6010660037867,89,"Population:
biomass_spring",NA
"108","demersal_omnivore","small","biomass_spring","Population",1.27450980392157,2,2,0.637254901960784,6,0.75,12.8942757922574,103,"Population:
biomass_spring",NA
"109","demersal_piscivore","large","biomass_spring","Population",2.34313725490196,6,6,0.390522875816993,2,0.25,12.0568784932761,96,"Population:
biomass_spring",5.7042839889579
"110","demersal_piscivore","small","biomass_spring","Population",1.94117647058823,3,3,0.647058823529412,7,0.875,13.1363618161822,121,"Population:
biomass_spring",NA
"111","megabenthos","small","biomass_spring","Population",1.11764705882353,2,2,0.558823529411765,5,0.625,14.1552223919416,155,"Population:
biomass_spring",NA
"112","pelagic","small","biomass_spring","Population",2.66666666666667,5,5,0.533333333333333,4,0.5,13.9734386315244,125,"Population:
biomass_spring",NA
"113","demersal_benthivore","large","climate_vulnerability","Population",2.25,4,4,0.5625,7,0.875,12.1908716384808,106,"Population:
climate_vulnerability",NA
"114","demersal_benthivore","small","climate_vulnerability","Population",4.5,10,10,0.45,2,0.25,12.9544684790189,105,"Population:
climate_vulnerability",5.58924200598114
"115","demersal_omnivore","large","climate_vulnerability","Population",1.5,3,3,0.5,5,0.625,10.6010660037867,89,"Population:
climate_vulnerability",NA
"116","demersal_omnivore","small","climate_vulnerability","Population",1,2,2,0.5,5,0.625,12.8942757922574,103,"Population:
climate_vulnerability",NA
"117","demersal_piscivore","large","climate_vulnerability","Population",2.75,6,6,0.458333333333333,3,0.375,12.0568784932761,96,"Population:
climate_vulnerability",5.24595065562457
"118","demersal_piscivore","small","climate_vulnerability","Population",1,3,3,0.333333333333333,1,0.125,13.1363618161822,121,"Population:
climate_vulnerability",NA
"119","megabenthos","small","climate_vulnerability","Population",0.5,2,1,0.5,5,0.625,14.1552223919416,155,"Population:
climate_vulnerability",NA
"120","pelagic","small","climate_vulnerability","Population",3,5,5,0.6,8,1,13.9734386315244,125,"Population:
climate_vulnerability",NA
"121","demersal_benthivore","large","recruitment","Population",0.521739130434783,4,1,0.521739130434783,3,0.375,12.1908716384808,106,"Population:
recruitment",NA
"122","demersal_benthivore","small","recruitment","Population",4.43478260869565,10,8,0.554347826086957,4,0.5,12.9544684790189,105,"Population:
recruitment",5.03489417989418
"123","demersal_omnivore","large","recruitment","Population",0,3,0,NA,7,0.875,10.6010660037867,89,"Population:
recruitment",NA
"124","demersal_omnivore","small","recruitment","Population",0.739130434782609,2,1,0.739130434782609,6,0.75,12.8942757922574,103,"Population:
recruitment",NA
"125","demersal_piscivore","large","recruitment","Population",2.52173913043478,6,4,0.630434782608696,5,0.625,12.0568784932761,96,"Population:
recruitment",4.61551587301587
"126","demersal_piscivore","small","recruitment","Population",0.173913043478261,3,1,0.173913043478261,1,0.125,13.1363618161822,121,"Population:
recruitment",NA
"127","megabenthos","small","recruitment","Population",0,2,0,NA,8,1,14.1552223919416,155,"Population:
recruitment",NA
"128","pelagic","small","recruitment","Population",1.34782608695652,5,3,0.449275362318841,2,0.25,13.9734386315244,125,"Population:
recruitment",NA
"129","demersal_benthivore","large","asmt_catch","Socioeconomic",1.05,4,4,0.2625,1,0.125,12.1908716384808,106,"Socioeconomic:
asmt_catch",NA
"130","demersal_benthivore","small","asmt_catch","Socioeconomic",4.25833333333333,10,10,0.425833333333333,3,0.375,12.9544684790189,105,"Socioeconomic:
asmt_catch",4.60906084656085
"131","demersal_omnivore","large","asmt_catch","Socioeconomic",1.075,3,3,0.358333333333333,2,0.25,10.6010660037867,89,"Socioeconomic:
asmt_catch",NA
"132","demersal_omnivore","small","asmt_catch","Socioeconomic",0.95,2,2,0.475,4,0.5,12.8942757922574,103,"Socioeconomic:
asmt_catch",NA
"133","demersal_piscivore","large","asmt_catch","Socioeconomic",2.525,6,5,0.505,5,0.625,12.0568784932761,96,"Socioeconomic:
asmt_catch",4.11051587301587
"134","demersal_piscivore","small","asmt_catch","Socioeconomic",1.675,3,2,0.8375,7,0.875,13.1363618161822,121,"Socioeconomic:
asmt_catch",NA
"135","megabenthos","small","asmt_catch","Socioeconomic",0,2,0,NA,8,1,14.1552223919416,155,"Socioeconomic:
asmt_catch",NA
"136","pelagic","small","asmt_catch","Socioeconomic",2.425,5,3,0.808333333333333,6,0.75,13.9734386315244,125,"Socioeconomic:
asmt_catch",NA
"137","demersal_benthivore","large","com_catch_5yr","Socioeconomic",0.4,4,3,0.133333333333333,1,0.125,12.1908716384808,106,"Socioeconomic:
com_catch_5yr",NA
"138","demersal_benthivore","small","com_catch_5yr","Socioeconomic",4.54285714285714,10,9,0.504761904761905,4,0.5,12.9544684790189,105,"Socioeconomic:
com_catch_5yr",4.10429894179894
"139","demersal_omnivore","large","com_catch_5yr","Socioeconomic",1.31428571428571,3,3,0.438095238095238,2,0.25,10.6010660037867,89,"Socioeconomic:
com_catch_5yr",NA
"140","demersal_omnivore","small","com_catch_5yr","Socioeconomic",1.22857142857143,2,2,0.614285714285715,7,0.875,12.8942757922574,103,"Socioeconomic:
com_catch_5yr",NA
"141","demersal_piscivore","large","com_catch_5yr","Socioeconomic",3.22857142857143,6,6,0.538095238095238,6,0.75,12.0568784932761,96,"Socioeconomic:
com_catch_5yr",3.57242063492063
"142","demersal_piscivore","small","com_catch_5yr","Socioeconomic",1.42857142857143,3,3,0.476190476190476,3,0.375,13.1363618161822,121,"Socioeconomic:
com_catch_5yr",NA
"143","megabenthos","small","com_catch_5yr","Socioeconomic",1.85714285714286,2,2,0.928571428571428,8,1,14.1552223919416,155,"Socioeconomic:
com_catch_5yr",NA
"144","pelagic","small","com_catch_5yr","Socioeconomic",2.62857142857143,5,5,0.525714285714286,5,0.625,13.9734386315244,125,"Socioeconomic:
com_catch_5yr",NA
"145","demersal_benthivore","large","com_catch_hist","Socioeconomic",2.47222222222222,4,3,0.824074074074074,7,0.875,12.1908716384808,106,"Socioeconomic:
com_catch_hist",NA
"146","demersal_benthivore","small","com_catch_hist","Socioeconomic",4.61111111111111,10,9,0.512345679012346,6,0.75,12.9544684790189,105,"Socioeconomic:
com_catch_hist",3.5919532627866
"147","demersal_omnivore","large","com_catch_hist","Socioeconomic",0.916666666666667,3,2,0.458333333333333,4,0.5,10.6010660037867,89,"Socioeconomic:
com_catch_hist",NA
"148","demersal_omnivore","small","com_catch_hist","Socioeconomic",0.611111111111111,2,2,0.305555555555555,1,0.125,12.8942757922574,103,"Socioeconomic:
com_catch_hist",NA
"149","demersal_piscivore","large","com_catch_hist","Socioeconomic",2.30555555555556,6,6,0.384259259259259,2,0.25,12.0568784932761,96,"Socioeconomic:
com_catch_hist",3.18816137566137
"150","demersal_piscivore","small","com_catch_hist","Socioeconomic",1.16666666666667,3,3,0.388888888888889,3,0.375,13.1363618161822,121,"Socioeconomic:
com_catch_hist",NA
"151","megabenthos","small","com_catch_hist","Socioeconomic",1.77777777777778,2,2,0.888888888888889,8,1,14.1552223919416,155,"Socioeconomic:
com_catch_hist",NA
"152","pelagic","small","com_catch_hist","Socioeconomic",2.41666666666667,5,5,0.483333333333333,5,0.625,13.9734386315244,125,"Socioeconomic:
com_catch_hist",NA
"153","demersal_benthivore","large","com_catch_max","Socioeconomic",0.805555555555556,4,4,0.201388888888889,1,0.125,12.1908716384808,106,"Socioeconomic:
com_catch_max",NA
"154","demersal_benthivore","small","com_catch_max","Socioeconomic",5.66666666666667,10,9,0.62962962962963,7,0.875,12.9544684790189,105,"Socioeconomic:
com_catch_max",2.96232363315697
"155","demersal_omnivore","large","com_catch_max","Socioeconomic",0.694444444444445,3,3,0.231481481481482,2,0.25,10.6010660037867,89,"Socioeconomic:
com_catch_max",NA
"156","demersal_omnivore","small","com_catch_max","Socioeconomic",1,2,2,0.5,3,0.375,12.8942757922574,103,"Socioeconomic:
com_catch_max",NA
"157","demersal_piscivore","large","com_catch_max","Socioeconomic",3.16666666666667,6,6,0.527777777777778,4,0.5,12.0568784932761,96,"Socioeconomic:
com_catch_max",2.6603835978836
"158","demersal_piscivore","small","com_catch_max","Socioeconomic",1.58333333333333,3,3,0.527777777777778,5,0.625,13.1363618161822,121,"Socioeconomic:
com_catch_max",NA
"159","megabenthos","small","com_catch_max","Socioeconomic",1.47222222222222,2,2,0.736111111111111,8,1,14.1552223919416,155,"Socioeconomic:
com_catch_max",NA
"160","pelagic","small","com_catch_max","Socioeconomic",2.97222222222222,5,5,0.594444444444445,6,0.75,13.9734386315244,125,"Socioeconomic:
com_catch_max",NA
"161","demersal_benthivore","large","ffmsy","Socioeconomic",0.361111111111111,4,2,0.180555555555555,1,0.125,12.1908716384808,106,"Socioeconomic:
ffmsy",NA
"162","demersal_benthivore","small","ffmsy","Socioeconomic",5.01388888888889,10,9,0.557098765432099,3,0.375,12.9544684790189,105,"Socioeconomic:
ffmsy",2.40522486772487
"163","demersal_omnivore","large","ffmsy","Socioeconomic",0,3,0,NA,7,0.875,10.6010660037867,89,"Socioeconomic:
ffmsy",NA
"164","demersal_omnivore","small","ffmsy","Socioeconomic",0.805555555555556,2,1,0.805555555555556,6,0.75,12.8942757922574,103,"Socioeconomic:
ffmsy",NA
"165","demersal_piscivore","large","ffmsy","Socioeconomic",2.87962962962963,6,5,0.575925925925926,4,0.5,12.0568784932761,96,"Socioeconomic:
ffmsy",2.08445767195767
"166","demersal_piscivore","small","ffmsy","Socioeconomic",0.763888888888889,3,2,0.381944444444445,2,0.25,13.1363618161822,121,"Socioeconomic:
ffmsy",NA
"167","megabenthos","small","ffmsy","Socioeconomic",0,2,0,NA,8,1,14.1552223919416,155,"Socioeconomic:
ffmsy",NA
"168","pelagic","small","ffmsy","Socioeconomic",1.77777777777778,5,3,0.592592592592593,5,0.625,13.9734386315244,125,"Socioeconomic:
ffmsy",NA
"169","demersal_benthivore","large","rec_catch","Socioeconomic",0.78125,4,2,0.390625,1,0.125,12.1908716384808,106,"Socioeconomic:
rec_catch",NA
"170","demersal_benthivore","small","rec_catch","Socioeconomic",4.5625,10,7,0.651785714285714,5,0.625,12.9544684790189,105,"Socioeconomic:
rec_catch",1.75343915343915
"171","demersal_omnivore","large","rec_catch","Socioeconomic",0.46875,3,1,0.46875,2,0.25,10.6010660037867,89,"Socioeconomic:
rec_catch",NA
"172","demersal_omnivore","small","rec_catch","Socioeconomic",1.28125,2,2,0.640625,4,0.5,12.8942757922574,103,"Socioeconomic:
rec_catch",NA
"173","demersal_piscivore","large","rec_catch","Socioeconomic",3.3125,6,5,0.6625,6,0.75,12.0568784932761,96,"Socioeconomic:
rec_catch",1.42195767195767
"174","demersal_piscivore","small","rec_catch","Socioeconomic",1.5,3,2,0.75,7,0.875,13.1363618161822,121,"Socioeconomic:
rec_catch",NA
"175","megabenthos","small","rec_catch","Socioeconomic",0,2,0,NA,8,1,14.1552223919416,155,"Socioeconomic:
rec_catch",NA
"176","pelagic","small","rec_catch","Socioeconomic",2.53125,5,5,0.50625,3,0.375,13.9734386315244,125,"Socioeconomic:
rec_catch",NA
"177","demersal_benthivore","large","revenue_5yr","Socioeconomic",0.371428571428571,4,3,0.123809523809524,1,0.125,12.1908716384808,106,"Socioeconomic:
revenue_5yr",NA
"178","demersal_benthivore","small","revenue_5yr","Socioeconomic",5.11428571428572,10,9,0.568253968253968,6,0.75,12.9544684790189,105,"Socioeconomic:
revenue_5yr",1.18518518518519
"179","demersal_omnivore","large","revenue_5yr","Socioeconomic",0.942857142857143,3,3,0.314285714285714,2,0.25,10.6010660037867,89,"Socioeconomic:
revenue_5yr",NA
"180","demersal_omnivore","small","revenue_5yr","Socioeconomic",1.11428571428571,2,2,0.557142857142857,5,0.625,12.8942757922574,103,"Socioeconomic:
revenue_5yr",NA
"181","demersal_piscivore","large","revenue_5yr","Socioeconomic",3.14285714285714,6,6,0.523809523809524,4,0.5,12.0568784932761,96,"Socioeconomic:
revenue_5yr",0.898148148148147
"182","demersal_piscivore","small","revenue_5yr","Socioeconomic",1.8,3,3,0.6,7,0.875,13.1363618161822,121,"Socioeconomic:
revenue_5yr",NA
"183","megabenthos","small","revenue_5yr","Socioeconomic",1.88571428571429,2,2,0.942857142857143,8,1,14.1552223919416,155,"Socioeconomic:
revenue_5yr",NA
"184","pelagic","small","revenue_5yr","Socioeconomic",2.31428571428571,5,5,0.462857142857143,3,0.375,13.9734386315244,125,"Socioeconomic:
revenue_5yr",NA
"185","demersal_benthivore","large","revenue_hist","Socioeconomic",2.44444444444444,4,3,0.814814814814815,7,0.875,12.1908716384808,106,"Socioeconomic:
revenue_hist",NA
"186","demersal_benthivore","small","revenue_hist","Socioeconomic",4.47222222222222,10,9,0.496913580246914,4,0.5,12.9544684790189,105,"Socioeconomic:
revenue_hist",0.688271604938272
"187","demersal_omnivore","large","revenue_hist","Socioeconomic",1.19444444444444,3,2,0.597222222222222,6,0.75,10.6010660037867,89,"Socioeconomic:
revenue_hist",NA
"188","demersal_omnivore","small","revenue_hist","Socioeconomic",0.527777777777777,2,2,0.263888888888889,1,0.125,12.8942757922574,103,"Socioeconomic:
revenue_hist",NA
"189","demersal_piscivore","large","revenue_hist","Socioeconomic",2.13888888888889,6,6,0.356481481481481,3,0.375,12.0568784932761,96,"Socioeconomic:
revenue_hist",0.541666666666666
"190","demersal_piscivore","small","revenue_hist","Socioeconomic",0.944444444444445,3,3,0.314814814814815,2,0.25,13.1363618161822,121,"Socioeconomic:
revenue_hist",NA
"191","megabenthos","small","revenue_hist","Socioeconomic",1.72222222222222,2,2,0.861111111111111,8,1,14.1552223919416,155,"Socioeconomic:
revenue_hist",NA
"192","pelagic","small","revenue_hist","Socioeconomic",2.75,5,5,0.55,5,0.625,13.9734386315244,125,"Socioeconomic:
revenue_hist",NA
"193","demersal_benthivore","large","revenue_max","Socioeconomic",0.75,4,4,0.1875,2,0.25,12.1908716384808,106,"Socioeconomic:
revenue_max",NA
"194","demersal_benthivore","small","revenue_max","Socioeconomic",6.19444444444444,10,9,0.688271604938272,7,0.875,12.9544684790189,105,"Socioeconomic:
revenue_max",0
"195","demersal_omnivore","large","revenue_max","Socioeconomic",0.5,3,3,0.166666666666667,1,0.125,10.6010660037867,89,"Socioeconomic:
revenue_max",NA
"196","demersal_omnivore","small","revenue_max","Socioeconomic",0.861111111111111,2,2,0.430555555555556,3,0.375,12.8942757922574,103,"Socioeconomic:
revenue_max",NA
"197","demersal_piscivore","large","revenue_max","Socioeconomic",3.25,6,6,0.541666666666667,5,0.625,12.0568784932761,96,"Socioeconomic:
revenue_max",0
"198","demersal_piscivore","small","revenue_max","Socioeconomic",1.63888888888889,3,3,0.546296296296296,6,0.75,13.1363618161822,121,"Socioeconomic:
revenue_max",NA
"199","megabenthos","small","revenue_max","Socioeconomic",1.58333333333333,2,2,0.791666666666667,8,1,14.1552223919416,155,"Socioeconomic:
revenue_max",NA
"200","pelagic","small","revenue_max","Socioeconomic",2.52777777777778,5,5,0.505555555555556,4,0.5,13.9734386315244,125,"Socioeconomic:
revenue_max",NA
