"","Species","Region","Time","Value","Metric","Description","Units","AssessmentYear","max_year","facet","Var","Val","missing","n_data_points","pval","sig"
"1","Black sea bass","Mid",1988,3194,"Catch","Total Catch","Metric Tons",2019,2019,"Catch
Total Catch
Metric Tons","centropages zoo spring
log N m^-3",3.81656646011791,FALSE,25,0.422849639857352,FALSE
"2","Black sea bass","Mid",1988,3194,"Catch","Total Catch","Metric Tons",2019,2019,"Catch
Total Catch
Metric Tons","pseudocalanus zoo spring
log N m^-3",4.0396147272592,FALSE,25,0.283151596703164,FALSE
"3","Black sea bass","Mid",1988,3194,"Catch","Total Catch","Metric Tons",2019,2019,"Catch
Total Catch
Metric Tons","temora zoo spring
log N m^-3",2.44162795263335,FALSE,25,0.124585500874594,FALSE
"4","Black sea bass","Mid",1989,3040,"Catch","Total Catch","Metric Tons",2019,2019,"Catch
Total Catch
Metric Tons","centropages zoo spring
log N m^-3",NA,TRUE,25,0.422849639857352,FALSE
"5","Black sea bass","Mid",1989,3040,"Catch","Total Catch","Metric Tons",2019,2019,"Catch
Total Catch
Metric Tons","pseudocalanus zoo spring
log N m^-3",NA,TRUE,25,0.283151596703164,FALSE
"6","Black sea bass","Mid",1989,3040,"Catch","Total Catch","Metric Tons",2019,2019,"Catch
Total Catch
Metric Tons","temora zoo spring
log N m^-3",NA,TRUE,25,0.124585500874594,FALSE
"7","Black sea bass","Mid",1990,3142,"Catch","Total Catch","Metric Tons",2019,2019,"Catch
Total Catch
Metric Tons","centropages zoo spring
log N m^-3",NA,TRUE,25,0.422849639857352,FALSE
"8","Black sea bass","Mid",1990,3142,"Catch","Total Catch","Metric Tons",2019,2019,"Catch
Total Catch
Metric Tons","pseudocalanus zoo spring
log N m^-3",NA,TRUE,25,0.283151596703164,FALSE
"9","Black sea bass","Mid",1990,3142,"Catch","Total Catch","Metric Tons",2019,2019,"Catch
Total Catch
Metric Tons","temora zoo spring
log N m^-3",NA,TRUE,25,0.124585500874594,FALSE
"10","Black sea bass","Mid",1991,2914,"Catch","Total Catch","Metric Tons",2019,2019,"Catch
Total Catch
Metric Tons","centropages zoo spring
log N m^-3",NA,TRUE,25,0.422849639857352,FALSE
"11","Black sea bass","Mid",1991,2914,"Catch","Total Catch","Metric Tons",2019,2019,"Catch
Total Catch
Metric Tons","pseudocalanus zoo spring
log N m^-3",NA,TRUE,25,0.283151596703164,FALSE
"12","Black sea bass","Mid",1991,2914,"Catch","Total Catch","Metric Tons",2019,2019,"Catch
Total Catch
Metric Tons","temora zoo spring
log N m^-3",NA,TRUE,25,0.124585500874594,FALSE
"13","Black sea bass","Mid",1992,3573,"Catch","Total Catch","Metric Tons",2019,2019,"Catch
Total Catch
Metric Tons","centropages zoo spring
log N m^-3",4.0811393774753,FALSE,25,0.422849639857352,FALSE
"14","Black sea bass","Mid",1992,3573,"Catch","Total Catch","Metric Tons",2019,2019,"Catch
Total Catch
Metric Tons","pseudocalanus zoo spring
log N m^-3",3.65765718264324,FALSE,25,0.283151596703164,FALSE
"15","Black sea bass","Mid",1992,3573,"Catch","Total Catch","Metric Tons",2019,2019,"Catch
Total Catch
Metric Tons","temora zoo spring
log N m^-3",2.32060271074394,FALSE,25,0.124585500874594,FALSE
"16","Black sea bass","Mid",1993,2443,"Catch","Total Catch","Metric Tons",2019,2019,"Catch
Total Catch
Metric Tons","centropages zoo spring
log N m^-3",3.92974131976765,FALSE,25,0.422849639857352,FALSE
"17","Black sea bass","Mid",1993,2443,"Catch","Total Catch","Metric Tons",2019,2019,"Catch
Total Catch
Metric Tons","pseudocalanus zoo spring
log N m^-3",4.03731301627349,FALSE,25,0.283151596703164,FALSE
"18","Black sea bass","Mid",1993,2443,"Catch","Total Catch","Metric Tons",2019,2019,"Catch
Total Catch
Metric Tons","temora zoo spring
log N m^-3",2.61965957994328,FALSE,25,0.124585500874594,FALSE
"19","Black sea bass","Mid",1994,3171,"Catch","Total Catch","Metric Tons",2019,2019,"Catch
Total Catch
Metric Tons","centropages zoo spring
log N m^-3",NA,TRUE,25,0.422849639857352,FALSE
"20","Black sea bass","Mid",1994,3171,"Catch","Total Catch","Metric Tons",2019,2019,"Catch
Total Catch
Metric Tons","pseudocalanus zoo spring
log N m^-3",NA,TRUE,25,0.283151596703164,FALSE
"21","Black sea bass","Mid",1994,3171,"Catch","Total Catch","Metric Tons",2019,2019,"Catch
Total Catch
Metric Tons","temora zoo spring
log N m^-3",NA,TRUE,25,0.124585500874594,FALSE
"22","Black sea bass","Mid",1995,4724,"Catch","Total Catch","Metric Tons",2019,2019,"Catch
Total Catch
Metric Tons","centropages zoo spring
log N m^-3",4.10638522108829,FALSE,25,0.422849639857352,FALSE
"23","Black sea bass","Mid",1995,4724,"Catch","Total Catch","Metric Tons",2019,2019,"Catch
Total Catch
Metric Tons","pseudocalanus zoo spring
log N m^-3",3.16366599532211,FALSE,25,0.283151596703164,FALSE
"24","Black sea bass","Mid",1995,4724,"Catch","Total Catch","Metric Tons",2019,2019,"Catch
Total Catch
Metric Tons","temora zoo spring
log N m^-3",2.31163012600027,FALSE,25,0.124585500874594,FALSE
"25","Black sea bass","Mid",1996,3973,"Catch","Total Catch","Metric Tons",2019,2019,"Catch
Total Catch
Metric Tons","centropages zoo spring
log N m^-3",4.3272464400645,FALSE,25,0.422849639857352,FALSE
"26","Black sea bass","Mid",1996,3973,"Catch","Total Catch","Metric Tons",2019,2019,"Catch
Total Catch
Metric Tons","pseudocalanus zoo spring
log N m^-3",3.62160084859575,FALSE,25,0.283151596703164,FALSE
"27","Black sea bass","Mid",1996,3973,"Catch","Total Catch","Metric Tons",2019,2019,"Catch
Total Catch
Metric Tons","temora zoo spring
log N m^-3",2.84518666723103,FALSE,25,0.124585500874594,FALSE
"28","Black sea bass","Mid",1997,2263,"Catch","Total Catch","Metric Tons",2019,2019,"Catch
Total Catch
Metric Tons","centropages zoo spring
log N m^-3",4.2641634109929,FALSE,25,0.422849639857352,FALSE
"29","Black sea bass","Mid",1997,2263,"Catch","Total Catch","Metric Tons",2019,2019,"Catch
Total Catch
Metric Tons","pseudocalanus zoo spring
log N m^-3",4.03752996463144,FALSE,25,0.283151596703164,FALSE
"30","Black sea bass","Mid",1997,2263,"Catch","Total Catch","Metric Tons",2019,2019,"Catch
Total Catch
Metric Tons","temora zoo spring
log N m^-3",2.67204293367997,FALSE,25,0.124585500874594,FALSE
"31","Black sea bass","Mid",1998,2736,"Catch","Total Catch","Metric Tons",2019,2019,"Catch
Total Catch
Metric Tons","centropages zoo spring
log N m^-3",4.31643390625778,FALSE,25,0.422849639857352,FALSE
"32","Black sea bass","Mid",1998,2736,"Catch","Total Catch","Metric Tons",2019,2019,"Catch
Total Catch
Metric Tons","pseudocalanus zoo spring
log N m^-3",4.16537311223082,FALSE,25,0.283151596703164,FALSE
"33","Black sea bass","Mid",1998,2736,"Catch","Total Catch","Metric Tons",2019,2019,"Catch
Total Catch
Metric Tons","temora zoo spring
log N m^-3",3.49256838589635,FALSE,25,0.124585500874594,FALSE
"34","Black sea bass","Mid",1999,3939,"Catch","Total Catch","Metric Tons",2019,2019,"Catch
Total Catch
Metric Tons","centropages zoo spring
log N m^-3",4.22171159975358,FALSE,25,0.422849639857352,FALSE
"35","Black sea bass","Mid",1999,3939,"Catch","Total Catch","Metric Tons",2019,2019,"Catch
Total Catch
Metric Tons","pseudocalanus zoo spring
log N m^-3",4.09849810572095,FALSE,25,0.283151596703164,FALSE
"36","Black sea bass","Mid",1999,3939,"Catch","Total Catch","Metric Tons",2019,2019,"Catch
Total Catch
Metric Tons","temora zoo spring
log N m^-3",2.12421442536932,FALSE,25,0.124585500874594,FALSE
"37","Black sea bass","Mid",2000,5025,"Catch","Total Catch","Metric Tons",2019,2019,"Catch
Total Catch
Metric Tons","centropages zoo spring
log N m^-3",4.56834702251471,FALSE,25,0.422849639857352,FALSE
"38","Black sea bass","Mid",2000,5025,"Catch","Total Catch","Metric Tons",2019,2019,"Catch
Total Catch
Metric Tons","pseudocalanus zoo spring
log N m^-3",3.70230533184211,FALSE,25,0.283151596703164,FALSE
"39","Black sea bass","Mid",2000,5025,"Catch","Total Catch","Metric Tons",2019,2019,"Catch
Total Catch
Metric Tons","temora zoo spring
log N m^-3",1.86087202026725,FALSE,25,0.124585500874594,FALSE
"40","Black sea bass","Mid",2001,5518,"Catch","Total Catch","Metric Tons",2019,2019,"Catch
Total Catch
Metric Tons","centropages zoo spring
log N m^-3",4.57997877024529,FALSE,25,0.422849639857352,FALSE
"41","Black sea bass","Mid",2001,5518,"Catch","Total Catch","Metric Tons",2019,2019,"Catch
Total Catch
Metric Tons","pseudocalanus zoo spring
log N m^-3",3.38652866806934,FALSE,25,0.283151596703164,FALSE
"42","Black sea bass","Mid",2001,5518,"Catch","Total Catch","Metric Tons",2019,2019,"Catch
Total Catch
Metric Tons","temora zoo spring
log N m^-3",2.68324256185928,FALSE,25,0.124585500874594,FALSE
"43","Black sea bass","Mid",2002,4595,"Catch","Total Catch","Metric Tons",2019,2019,"Catch
Total Catch
Metric Tons","centropages zoo spring
log N m^-3",4.36613920809072,FALSE,25,0.422849639857352,FALSE
"44","Black sea bass","Mid",2002,4595,"Catch","Total Catch","Metric Tons",2019,2019,"Catch
Total Catch
Metric Tons","pseudocalanus zoo spring
log N m^-3",1.93659048322429,FALSE,25,0.283151596703164,FALSE
"45","Black sea bass","Mid",2002,4595,"Catch","Total Catch","Metric Tons",2019,2019,"Catch
Total Catch
Metric Tons","temora zoo spring
log N m^-3",1.36906639572391,FALSE,25,0.124585500874594,FALSE
"46","Black sea bass","Mid",2003,3521,"Catch","Total Catch","Metric Tons",2019,2019,"Catch
Total Catch
Metric Tons","centropages zoo spring
log N m^-3",4.18839203992399,FALSE,25,0.422849639857352,FALSE
"47","Black sea bass","Mid",2003,3521,"Catch","Total Catch","Metric Tons",2019,2019,"Catch
Total Catch
Metric Tons","pseudocalanus zoo spring
log N m^-3",2.64782366866307,FALSE,25,0.283151596703164,FALSE
"48","Black sea bass","Mid",2003,3521,"Catch","Total Catch","Metric Tons",2019,2019,"Catch
Total Catch
Metric Tons","temora zoo spring
log N m^-3",2.24027295459954,FALSE,25,0.124585500874594,FALSE
"49","Black sea bass","Mid",2004,3173,"Catch","Total Catch","Metric Tons",2019,2019,"Catch
Total Catch
Metric Tons","centropages zoo spring
log N m^-3",4.19524154018092,FALSE,25,0.422849639857352,FALSE
"50","Black sea bass","Mid",2004,3173,"Catch","Total Catch","Metric Tons",2019,2019,"Catch
Total Catch
Metric Tons","pseudocalanus zoo spring
log N m^-3",3.45142112047484,FALSE,25,0.283151596703164,FALSE
"51","Black sea bass","Mid",2004,3173,"Catch","Total Catch","Metric Tons",2019,2019,"Catch
Total Catch
Metric Tons","temora zoo spring
log N m^-3",2.02496740737101,FALSE,25,0.124585500874594,FALSE
"52","Black sea bass","Mid",2005,2933,"Catch","Total Catch","Metric Tons",2019,2019,"Catch
Total Catch
Metric Tons","centropages zoo spring
log N m^-3",3.47262263397722,FALSE,25,0.422849639857352,FALSE
"53","Black sea bass","Mid",2005,2933,"Catch","Total Catch","Metric Tons",2019,2019,"Catch
Total Catch
Metric Tons","pseudocalanus zoo spring
log N m^-3",3.91388136720515,FALSE,25,0.283151596703164,FALSE
"54","Black sea bass","Mid",2005,2933,"Catch","Total Catch","Metric Tons",2019,2019,"Catch
Total Catch
Metric Tons","temora zoo spring
log N m^-3",2.73178743389654,FALSE,25,0.124585500874594,FALSE
"55","Black sea bass","Mid",2006,2920,"Catch","Total Catch","Metric Tons",2019,2019,"Catch
Total Catch
Metric Tons","centropages zoo spring
log N m^-3",4.11013478536353,FALSE,25,0.422849639857352,FALSE
"56","Black sea bass","Mid",2006,2920,"Catch","Total Catch","Metric Tons",2019,2019,"Catch
Total Catch
Metric Tons","pseudocalanus zoo spring
log N m^-3",2.66330531673462,FALSE,25,0.283151596703164,FALSE
"57","Black sea bass","Mid",2006,2920,"Catch","Total Catch","Metric Tons",2019,2019,"Catch
Total Catch
Metric Tons","temora zoo spring
log N m^-3",0.874345443840763,FALSE,25,0.124585500874594,FALSE
"58","Black sea bass","Mid",2007,3132,"Catch","Total Catch","Metric Tons",2019,2019,"Catch
Total Catch
Metric Tons","centropages zoo spring
log N m^-3",3.8014503714816,FALSE,25,0.422849639857352,FALSE
"59","Black sea bass","Mid",2007,3132,"Catch","Total Catch","Metric Tons",2019,2019,"Catch
Total Catch
Metric Tons","pseudocalanus zoo spring
log N m^-3",1.28503413921436,FALSE,25,0.283151596703164,FALSE
"60","Black sea bass","Mid",2007,3132,"Catch","Total Catch","Metric Tons",2019,2019,"Catch
Total Catch
Metric Tons","temora zoo spring
log N m^-3",1.44099461860199,FALSE,25,0.124585500874594,FALSE
"61","Black sea bass","Mid",2008,3838,"Catch","Total Catch","Metric Tons",2019,2019,"Catch
Total Catch
Metric Tons","centropages zoo spring
log N m^-3",4.25909306877081,FALSE,25,0.422849639857352,FALSE
"62","Black sea bass","Mid",2008,3838,"Catch","Total Catch","Metric Tons",2019,2019,"Catch
Total Catch
Metric Tons","pseudocalanus zoo spring
log N m^-3",3.49236339495468,FALSE,25,0.283151596703164,FALSE
"63","Black sea bass","Mid",2008,3838,"Catch","Total Catch","Metric Tons",2019,2019,"Catch
Total Catch
Metric Tons","temora zoo spring
log N m^-3",2.1375607319783,FALSE,25,0.124585500874594,FALSE
"64","Black sea bass","Mid",2009,5121,"Catch","Total Catch","Metric Tons",2019,2019,"Catch
Total Catch
Metric Tons","centropages zoo spring
log N m^-3",4.23881273057955,FALSE,25,0.422849639857352,FALSE
"65","Black sea bass","Mid",2009,5121,"Catch","Total Catch","Metric Tons",2019,2019,"Catch
Total Catch
Metric Tons","pseudocalanus zoo spring
log N m^-3",2.69184995929123,FALSE,25,0.283151596703164,FALSE
"66","Black sea bass","Mid",2009,5121,"Catch","Total Catch","Metric Tons",2019,2019,"Catch
Total Catch
Metric Tons","temora zoo spring
log N m^-3",2.25634595967241,FALSE,25,0.124585500874594,FALSE
"67","Black sea bass","Mid",2010,2771,"Catch","Total Catch","Metric Tons",2019,2019,"Catch
Total Catch
Metric Tons","centropages zoo spring
log N m^-3",3.80571417804156,FALSE,25,0.422849639857352,FALSE
"68","Black sea bass","Mid",2010,2771,"Catch","Total Catch","Metric Tons",2019,2019,"Catch
Total Catch
Metric Tons","pseudocalanus zoo spring
log N m^-3",3.47210561002739,FALSE,25,0.283151596703164,FALSE
"69","Black sea bass","Mid",2010,2771,"Catch","Total Catch","Metric Tons",2019,2019,"Catch
Total Catch
Metric Tons","temora zoo spring
log N m^-3",1.63990136620959,FALSE,25,0.124585500874594,FALSE
"70","Black sea bass","Mid",2011,5108,"Catch","Total Catch","Metric Tons",2019,2019,"Catch
Total Catch
Metric Tons","centropages zoo spring
log N m^-3",3.96021965533418,FALSE,25,0.422849639857352,FALSE
"71","Black sea bass","Mid",2011,5108,"Catch","Total Catch","Metric Tons",2019,2019,"Catch
Total Catch
Metric Tons","pseudocalanus zoo spring
log N m^-3",3.4611932220892,FALSE,25,0.283151596703164,FALSE
"72","Black sea bass","Mid",2011,5108,"Catch","Total Catch","Metric Tons",2019,2019,"Catch
Total Catch
Metric Tons","temora zoo spring
log N m^-3",2.03306868256652,FALSE,25,0.124585500874594,FALSE
"73","Black sea bass","Mid",2012,4739,"Catch","Total Catch","Metric Tons",2019,2019,"Catch
Total Catch
Metric Tons","centropages zoo spring
log N m^-3",4.19053468499575,FALSE,25,0.422849639857352,FALSE
"74","Black sea bass","Mid",2012,4739,"Catch","Total Catch","Metric Tons",2019,2019,"Catch
Total Catch
Metric Tons","pseudocalanus zoo spring
log N m^-3",1.30159590165119,FALSE,25,0.283151596703164,FALSE
"75","Black sea bass","Mid",2012,4739,"Catch","Total Catch","Metric Tons",2019,2019,"Catch
Total Catch
Metric Tons","temora zoo spring
log N m^-3",1.19487579008028,FALSE,25,0.124585500874594,FALSE
"76","Black sea bass","Mid",2013,5896,"Catch","Total Catch","Metric Tons",2019,2019,"Catch
Total Catch
Metric Tons","centropages zoo spring
log N m^-3",4.16062487298364,FALSE,25,0.422849639857352,FALSE
"77","Black sea bass","Mid",2013,5896,"Catch","Total Catch","Metric Tons",2019,2019,"Catch
Total Catch
Metric Tons","pseudocalanus zoo spring
log N m^-3",2.21688430382767,FALSE,25,0.283151596703164,FALSE
"78","Black sea bass","Mid",2013,5896,"Catch","Total Catch","Metric Tons",2019,2019,"Catch
Total Catch
Metric Tons","temora zoo spring
log N m^-3",2.4982989343575,FALSE,25,0.124585500874594,FALSE
"79","Black sea bass","Mid",2014,6969,"Catch","Total Catch","Metric Tons",2019,2019,"Catch
Total Catch
Metric Tons","centropages zoo spring
log N m^-3",3.959330595886,FALSE,25,0.422849639857352,FALSE
"80","Black sea bass","Mid",2014,6969,"Catch","Total Catch","Metric Tons",2019,2019,"Catch
Total Catch
Metric Tons","pseudocalanus zoo spring
log N m^-3",3.67806935929903,FALSE,25,0.283151596703164,FALSE
"81","Black sea bass","Mid",2014,6969,"Catch","Total Catch","Metric Tons",2019,2019,"Catch
Total Catch
Metric Tons","temora zoo spring
log N m^-3",3.050316291303,FALSE,25,0.124585500874594,FALSE
"82","Black sea bass","Mid",2015,9412,"Catch","Total Catch","Metric Tons",2019,2019,"Catch
Total Catch
Metric Tons","centropages zoo spring
log N m^-3",4.0063097534807,FALSE,25,0.422849639857352,FALSE
"83","Black sea bass","Mid",2015,9412,"Catch","Total Catch","Metric Tons",2019,2019,"Catch
Total Catch
Metric Tons","pseudocalanus zoo spring
log N m^-3",3.66703613469069,FALSE,25,0.283151596703164,FALSE
"84","Black sea bass","Mid",2015,9412,"Catch","Total Catch","Metric Tons",2019,2019,"Catch
Total Catch
Metric Tons","temora zoo spring
log N m^-3",3.76167150821673,FALSE,25,0.124585500874594,FALSE
"85","Black sea bass","Mid",2016,10162,"Catch","Total Catch","Metric Tons",2019,2019,"Catch
Total Catch
Metric Tons","centropages zoo spring
log N m^-3",NA,TRUE,25,0.422849639857352,FALSE
"86","Black sea bass","Mid",2016,10162,"Catch","Total Catch","Metric Tons",2019,2019,"Catch
Total Catch
Metric Tons","pseudocalanus zoo spring
log N m^-3",NA,TRUE,25,0.283151596703164,FALSE
"87","Black sea bass","Mid",2016,10162,"Catch","Total Catch","Metric Tons",2019,2019,"Catch
Total Catch
Metric Tons","temora zoo spring
log N m^-3",NA,TRUE,25,0.124585500874594,FALSE
"88","Black sea bass","Mid",2017,7277,"Catch","Total Catch","Metric Tons",2019,2019,"Catch
Total Catch
Metric Tons","centropages zoo spring
log N m^-3",4.16312224097347,FALSE,25,0.422849639857352,FALSE
"89","Black sea bass","Mid",2017,7277,"Catch","Total Catch","Metric Tons",2019,2019,"Catch
Total Catch
Metric Tons","pseudocalanus zoo spring
log N m^-3",1.69939230077664,FALSE,25,0.283151596703164,FALSE
"90","Black sea bass","Mid",2017,7277,"Catch","Total Catch","Metric Tons",2019,2019,"Catch
Total Catch
Metric Tons","temora zoo spring
log N m^-3",2.08754042245123,FALSE,25,0.124585500874594,FALSE
"91","Black sea bass","Mid",1988,1.13999998569489,"Fmort","Average F - Ages 6 - 7 - Retrospective Adjusted","Rate",2019,2019,"Fmort
Average F - Ages 6 - 7 - Retrospective Adjusted
Rate","centropages zoo spring
log N m^-3",3.81656646011791,FALSE,25,0.910806334336282,FALSE
"92","Black sea bass","Mid",1988,1.13999998569489,"Fmort","Average F - Ages 6 - 7 - Retrospective Adjusted","Rate",2019,2019,"Fmort
Average F - Ages 6 - 7 - Retrospective Adjusted
Rate","pseudocalanus zoo spring
log N m^-3",4.0396147272592,FALSE,25,0.156096540831329,FALSE
"93","Black sea bass","Mid",1988,1.13999998569489,"Fmort","Average F - Ages 6 - 7 - Retrospective Adjusted","Rate",2019,2019,"Fmort
Average F - Ages 6 - 7 - Retrospective Adjusted
Rate","temora zoo spring
log N m^-3",2.44162795263335,FALSE,25,0.940913606513361,FALSE
"94","Black sea bass","Mid",1989,1.0900000333786,"Fmort","Average F - Ages 6 - 7 - Retrospective Adjusted","Rate",2019,2019,"Fmort
Average F - Ages 6 - 7 - Retrospective Adjusted
Rate","centropages zoo spring
log N m^-3",NA,TRUE,25,0.910806334336282,FALSE
"95","Black sea bass","Mid",1989,1.0900000333786,"Fmort","Average F - Ages 6 - 7 - Retrospective Adjusted","Rate",2019,2019,"Fmort
Average F - Ages 6 - 7 - Retrospective Adjusted
Rate","pseudocalanus zoo spring
log N m^-3",NA,TRUE,25,0.156096540831329,FALSE
"96","Black sea bass","Mid",1989,1.0900000333786,"Fmort","Average F - Ages 6 - 7 - Retrospective Adjusted","Rate",2019,2019,"Fmort
Average F - Ages 6 - 7 - Retrospective Adjusted
Rate","temora zoo spring
log N m^-3",NA,TRUE,25,0.940913606513361,FALSE
"97","Black sea bass","Mid",1990,1.03999996185303,"Fmort","Average F - Ages 6 - 7 - Retrospective Adjusted","Rate",2019,2019,"Fmort
Average F - Ages 6 - 7 - Retrospective Adjusted
Rate","centropages zoo spring
log N m^-3",NA,TRUE,25,0.910806334336282,FALSE
"98","Black sea bass","Mid",1990,1.03999996185303,"Fmort","Average F - Ages 6 - 7 - Retrospective Adjusted","Rate",2019,2019,"Fmort
Average F - Ages 6 - 7 - Retrospective Adjusted
Rate","pseudocalanus zoo spring
log N m^-3",NA,TRUE,25,0.156096540831329,FALSE
"99","Black sea bass","Mid",1990,1.03999996185303,"Fmort","Average F - Ages 6 - 7 - Retrospective Adjusted","Rate",2019,2019,"Fmort
Average F - Ages 6 - 7 - Retrospective Adjusted
Rate","temora zoo spring
log N m^-3",NA,TRUE,25,0.940913606513361,FALSE
"100","Black sea bass","Mid",1991,0.930000007152557,"Fmort","Average F - Ages 6 - 7 - Retrospective Adjusted","Rate",2019,2019,"Fmort
Average F - Ages 6 - 7 - Retrospective Adjusted
Rate","centropages zoo spring
log N m^-3",NA,TRUE,25,0.910806334336282,FALSE
"101","Black sea bass","Mid",1991,0.930000007152557,"Fmort","Average F - Ages 6 - 7 - Retrospective Adjusted","Rate",2019,2019,"Fmort
Average F - Ages 6 - 7 - Retrospective Adjusted
Rate","pseudocalanus zoo spring
log N m^-3",NA,TRUE,25,0.156096540831329,FALSE
"102","Black sea bass","Mid",1991,0.930000007152557,"Fmort","Average F - Ages 6 - 7 - Retrospective Adjusted","Rate",2019,2019,"Fmort
Average F - Ages 6 - 7 - Retrospective Adjusted
Rate","temora zoo spring
log N m^-3",NA,TRUE,25,0.940913606513361,FALSE
"103","Black sea bass","Mid",1992,1.05999994277954,"Fmort","Average F - Ages 6 - 7 - Retrospective Adjusted","Rate",2019,2019,"Fmort
Average F - Ages 6 - 7 - Retrospective Adjusted
Rate","centropages zoo spring
log N m^-3",4.0811393774753,FALSE,25,0.910806334336282,FALSE
"104","Black sea bass","Mid",1992,1.05999994277954,"Fmort","Average F - Ages 6 - 7 - Retrospective Adjusted","Rate",2019,2019,"Fmort
Average F - Ages 6 - 7 - Retrospective Adjusted
Rate","pseudocalanus zoo spring
log N m^-3",3.65765718264324,FALSE,25,0.156096540831329,FALSE
"105","Black sea bass","Mid",1992,1.05999994277954,"Fmort","Average F - Ages 6 - 7 - Retrospective Adjusted","Rate",2019,2019,"Fmort
Average F - Ages 6 - 7 - Retrospective Adjusted
Rate","temora zoo spring
log N m^-3",2.32060271074394,FALSE,25,0.940913606513361,FALSE
"106","Black sea bass","Mid",1993,0.870000004768372,"Fmort","Average F - Ages 6 - 7 - Retrospective Adjusted","Rate",2019,2019,"Fmort
Average F - Ages 6 - 7 - Retrospective Adjusted
Rate","centropages zoo spring
log N m^-3",3.92974131976765,FALSE,25,0.910806334336282,FALSE
"107","Black sea bass","Mid",1993,0.870000004768372,"Fmort","Average F - Ages 6 - 7 - Retrospective Adjusted","Rate",2019,2019,"Fmort
Average F - Ages 6 - 7 - Retrospective Adjusted
Rate","pseudocalanus zoo spring
log N m^-3",4.03731301627349,FALSE,25,0.156096540831329,FALSE
"108","Black sea bass","Mid",1993,0.870000004768372,"Fmort","Average F - Ages 6 - 7 - Retrospective Adjusted","Rate",2019,2019,"Fmort
Average F - Ages 6 - 7 - Retrospective Adjusted
Rate","temora zoo spring
log N m^-3",2.61965957994328,FALSE,25,0.940913606513361,FALSE
"109","Black sea bass","Mid",1994,0.740000009536743,"Fmort","Average F - Ages 6 - 7 - Retrospective Adjusted","Rate",2019,2019,"Fmort
Average F - Ages 6 - 7 - Retrospective Adjusted
Rate","centropages zoo spring
log N m^-3",NA,TRUE,25,0.910806334336282,FALSE
"110","Black sea bass","Mid",1994,0.740000009536743,"Fmort","Average F - Ages 6 - 7 - Retrospective Adjusted","Rate",2019,2019,"Fmort
Average F - Ages 6 - 7 - Retrospective Adjusted
Rate","pseudocalanus zoo spring
log N m^-3",NA,TRUE,25,0.156096540831329,FALSE
"111","Black sea bass","Mid",1994,0.740000009536743,"Fmort","Average F - Ages 6 - 7 - Retrospective Adjusted","Rate",2019,2019,"Fmort
Average F - Ages 6 - 7 - Retrospective Adjusted
Rate","temora zoo spring
log N m^-3",NA,TRUE,25,0.940913606513361,FALSE
"112","Black sea bass","Mid",1995,0.920000016689301,"Fmort","Average F - Ages 6 - 7 - Retrospective Adjusted","Rate",2019,2019,"Fmort
Average F - Ages 6 - 7 - Retrospective Adjusted
Rate","centropages zoo spring
log N m^-3",4.10638522108829,FALSE,25,0.910806334336282,FALSE
"113","Black sea bass","Mid",1995,0.920000016689301,"Fmort","Average F - Ages 6 - 7 - Retrospective Adjusted","Rate",2019,2019,"Fmort
Average F - Ages 6 - 7 - Retrospective Adjusted
Rate","pseudocalanus zoo spring
log N m^-3",3.16366599532211,FALSE,25,0.156096540831329,FALSE
"114","Black sea bass","Mid",1995,0.920000016689301,"Fmort","Average F - Ages 6 - 7 - Retrospective Adjusted","Rate",2019,2019,"Fmort
Average F - Ages 6 - 7 - Retrospective Adjusted
Rate","temora zoo spring
log N m^-3",2.31163012600027,FALSE,25,0.940913606513361,FALSE
"115","Black sea bass","Mid",1996,0.839999973773956,"Fmort","Average F - Ages 6 - 7 - Retrospective Adjusted","Rate",2019,2019,"Fmort
Average F - Ages 6 - 7 - Retrospective Adjusted
Rate","centropages zoo spring
log N m^-3",4.3272464400645,FALSE,25,0.910806334336282,FALSE
"116","Black sea bass","Mid",1996,0.839999973773956,"Fmort","Average F - Ages 6 - 7 - Retrospective Adjusted","Rate",2019,2019,"Fmort
Average F - Ages 6 - 7 - Retrospective Adjusted
Rate","pseudocalanus zoo spring
log N m^-3",3.62160084859575,FALSE,25,0.156096540831329,FALSE
"117","Black sea bass","Mid",1996,0.839999973773956,"Fmort","Average F - Ages 6 - 7 - Retrospective Adjusted","Rate",2019,2019,"Fmort
Average F - Ages 6 - 7 - Retrospective Adjusted
Rate","temora zoo spring
log N m^-3",2.84518666723103,FALSE,25,0.940913606513361,FALSE
"118","Black sea bass","Mid",1997,0.600000023841858,"Fmort","Average F - Ages 6 - 7 - Retrospective Adjusted","Rate",2019,2019,"Fmort
Average F - Ages 6 - 7 - Retrospective Adjusted
Rate","centropages zoo spring
log N m^-3",4.2641634109929,FALSE,25,0.910806334336282,FALSE
"119","Black sea bass","Mid",1997,0.600000023841858,"Fmort","Average F - Ages 6 - 7 - Retrospective Adjusted","Rate",2019,2019,"Fmort
Average F - Ages 6 - 7 - Retrospective Adjusted
Rate","pseudocalanus zoo spring
log N m^-3",4.03752996463144,FALSE,25,0.156096540831329,FALSE
"120","Black sea bass","Mid",1997,0.600000023841858,"Fmort","Average F - Ages 6 - 7 - Retrospective Adjusted","Rate",2019,2019,"Fmort
Average F - Ages 6 - 7 - Retrospective Adjusted
Rate","temora zoo spring
log N m^-3",2.67204293367997,FALSE,25,0.940913606513361,FALSE
"121","Black sea bass","Mid",1998,0.550000011920929,"Fmort","Average F - Ages 6 - 7 - Retrospective Adjusted","Rate",2019,2019,"Fmort
Average F - Ages 6 - 7 - Retrospective Adjusted
Rate","centropages zoo spring
log N m^-3",4.31643390625778,FALSE,25,0.910806334336282,FALSE
"122","Black sea bass","Mid",1998,0.550000011920929,"Fmort","Average F - Ages 6 - 7 - Retrospective Adjusted","Rate",2019,2019,"Fmort
Average F - Ages 6 - 7 - Retrospective Adjusted
Rate","pseudocalanus zoo spring
log N m^-3",4.16537311223082,FALSE,25,0.156096540831329,FALSE
"123","Black sea bass","Mid",1998,0.550000011920929,"Fmort","Average F - Ages 6 - 7 - Retrospective Adjusted","Rate",2019,2019,"Fmort
Average F - Ages 6 - 7 - Retrospective Adjusted
Rate","temora zoo spring
log N m^-3",3.49256838589635,FALSE,25,0.940913606513361,FALSE
"124","Black sea bass","Mid",1999,0.540000021457672,"Fmort","Average F - Ages 6 - 7 - Retrospective Adjusted","Rate",2019,2019,"Fmort
Average F - Ages 6 - 7 - Retrospective Adjusted
Rate","centropages zoo spring
log N m^-3",4.22171159975358,FALSE,25,0.910806334336282,FALSE
"125","Black sea bass","Mid",1999,0.540000021457672,"Fmort","Average F - Ages 6 - 7 - Retrospective Adjusted","Rate",2019,2019,"Fmort
Average F - Ages 6 - 7 - Retrospective Adjusted
Rate","pseudocalanus zoo spring
log N m^-3",4.09849810572095,FALSE,25,0.156096540831329,FALSE
"126","Black sea bass","Mid",1999,0.540000021457672,"Fmort","Average F - Ages 6 - 7 - Retrospective Adjusted","Rate",2019,2019,"Fmort
Average F - Ages 6 - 7 - Retrospective Adjusted
Rate","temora zoo spring
log N m^-3",2.12421442536932,FALSE,25,0.940913606513361,FALSE
"127","Black sea bass","Mid",2000,0.620000004768372,"Fmort","Average F - Ages 6 - 7 - Retrospective Adjusted","Rate",2019,2019,"Fmort
Average F - Ages 6 - 7 - Retrospective Adjusted
Rate","centropages zoo spring
log N m^-3",4.56834702251471,FALSE,25,0.910806334336282,FALSE
"128","Black sea bass","Mid",2000,0.620000004768372,"Fmort","Average F - Ages 6 - 7 - Retrospective Adjusted","Rate",2019,2019,"Fmort
Average F - Ages 6 - 7 - Retrospective Adjusted
Rate","pseudocalanus zoo spring
log N m^-3",3.70230533184211,FALSE,25,0.156096540831329,FALSE
"129","Black sea bass","Mid",2000,0.620000004768372,"Fmort","Average F - Ages 6 - 7 - Retrospective Adjusted","Rate",2019,2019,"Fmort
Average F - Ages 6 - 7 - Retrospective Adjusted
Rate","temora zoo spring
log N m^-3",1.86087202026725,FALSE,25,0.940913606513361,FALSE
"130","Black sea bass","Mid",2001,0.660000026226044,"Fmort","Average F - Ages 6 - 7 - Retrospective Adjusted","Rate",2019,2019,"Fmort
Average F - Ages 6 - 7 - Retrospective Adjusted
Rate","centropages zoo spring
log N m^-3",4.57997877024529,FALSE,25,0.910806334336282,FALSE
"131","Black sea bass","Mid",2001,0.660000026226044,"Fmort","Average F - Ages 6 - 7 - Retrospective Adjusted","Rate",2019,2019,"Fmort
Average F - Ages 6 - 7 - Retrospective Adjusted
Rate","pseudocalanus zoo spring
log N m^-3",3.38652866806934,FALSE,25,0.156096540831329,FALSE
"132","Black sea bass","Mid",2001,0.660000026226044,"Fmort","Average F - Ages 6 - 7 - Retrospective Adjusted","Rate",2019,2019,"Fmort
Average F - Ages 6 - 7 - Retrospective Adjusted
Rate","temora zoo spring
log N m^-3",2.68324256185928,FALSE,25,0.940913606513361,FALSE
"133","Black sea bass","Mid",2002,0.579999983310699,"Fmort","Average F - Ages 6 - 7 - Retrospective Adjusted","Rate",2019,2019,"Fmort
Average F - Ages 6 - 7 - Retrospective Adjusted
Rate","centropages zoo spring
log N m^-3",4.36613920809072,FALSE,25,0.910806334336282,FALSE
"134","Black sea bass","Mid",2002,0.579999983310699,"Fmort","Average F - Ages 6 - 7 - Retrospective Adjusted","Rate",2019,2019,"Fmort
Average F - Ages 6 - 7 - Retrospective Adjusted
Rate","pseudocalanus zoo spring
log N m^-3",1.93659048322429,FALSE,25,0.156096540831329,FALSE
"135","Black sea bass","Mid",2002,0.579999983310699,"Fmort","Average F - Ages 6 - 7 - Retrospective Adjusted","Rate",2019,2019,"Fmort
Average F - Ages 6 - 7 - Retrospective Adjusted
Rate","temora zoo spring
log N m^-3",1.36906639572391,FALSE,25,0.940913606513361,FALSE
"136","Black sea bass","Mid",2003,0.569999992847443,"Fmort","Average F - Ages 6 - 7 - Retrospective Adjusted","Rate",2019,2019,"Fmort
Average F - Ages 6 - 7 - Retrospective Adjusted
Rate","centropages zoo spring
log N m^-3",4.18839203992399,FALSE,25,0.910806334336282,FALSE
"137","Black sea bass","Mid",2003,0.569999992847443,"Fmort","Average F - Ages 6 - 7 - Retrospective Adjusted","Rate",2019,2019,"Fmort
Average F - Ages 6 - 7 - Retrospective Adjusted
Rate","pseudocalanus zoo spring
log N m^-3",2.64782366866307,FALSE,25,0.156096540831329,FALSE
"138","Black sea bass","Mid",2003,0.569999992847443,"Fmort","Average F - Ages 6 - 7 - Retrospective Adjusted","Rate",2019,2019,"Fmort
Average F - Ages 6 - 7 - Retrospective Adjusted
Rate","temora zoo spring
log N m^-3",2.24027295459954,FALSE,25,0.940913606513361,FALSE
"139","Black sea bass","Mid",2004,0.519999980926514,"Fmort","Average F - Ages 6 - 7 - Retrospective Adjusted","Rate",2019,2019,"Fmort
Average F - Ages 6 - 7 - Retrospective Adjusted
Rate","centropages zoo spring
log N m^-3",4.19524154018092,FALSE,25,0.910806334336282,FALSE
"140","Black sea bass","Mid",2004,0.519999980926514,"Fmort","Average F - Ages 6 - 7 - Retrospective Adjusted","Rate",2019,2019,"Fmort
Average F - Ages 6 - 7 - Retrospective Adjusted
Rate","pseudocalanus zoo spring
log N m^-3",3.45142112047484,FALSE,25,0.156096540831329,FALSE
"141","Black sea bass","Mid",2004,0.519999980926514,"Fmort","Average F - Ages 6 - 7 - Retrospective Adjusted","Rate",2019,2019,"Fmort
Average F - Ages 6 - 7 - Retrospective Adjusted
Rate","temora zoo spring
log N m^-3",2.02496740737101,FALSE,25,0.940913606513361,FALSE
"142","Black sea bass","Mid",2005,0.550000011920929,"Fmort","Average F - Ages 6 - 7 - Retrospective Adjusted","Rate",2019,2019,"Fmort
Average F - Ages 6 - 7 - Retrospective Adjusted
Rate","centropages zoo spring
log N m^-3",3.47262263397722,FALSE,25,0.910806334336282,FALSE
"143","Black sea bass","Mid",2005,0.550000011920929,"Fmort","Average F - Ages 6 - 7 - Retrospective Adjusted","Rate",2019,2019,"Fmort
Average F - Ages 6 - 7 - Retrospective Adjusted
Rate","pseudocalanus zoo spring
log N m^-3",3.91388136720515,FALSE,25,0.156096540831329,FALSE
"144","Black sea bass","Mid",2005,0.550000011920929,"Fmort","Average F - Ages 6 - 7 - Retrospective Adjusted","Rate",2019,2019,"Fmort
Average F - Ages 6 - 7 - Retrospective Adjusted
Rate","temora zoo spring
log N m^-3",2.73178743389654,FALSE,25,0.940913606513361,FALSE
"145","Black sea bass","Mid",2006,0.550000011920929,"Fmort","Average F - Ages 6 - 7 - Retrospective Adjusted","Rate",2019,2019,"Fmort
Average F - Ages 6 - 7 - Retrospective Adjusted
Rate","centropages zoo spring
log N m^-3",4.11013478536353,FALSE,25,0.910806334336282,FALSE
"146","Black sea bass","Mid",2006,0.550000011920929,"Fmort","Average F - Ages 6 - 7 - Retrospective Adjusted","Rate",2019,2019,"Fmort
Average F - Ages 6 - 7 - Retrospective Adjusted
Rate","pseudocalanus zoo spring
log N m^-3",2.66330531673462,FALSE,25,0.156096540831329,FALSE
"147","Black sea bass","Mid",2006,0.550000011920929,"Fmort","Average F - Ages 6 - 7 - Retrospective Adjusted","Rate",2019,2019,"Fmort
Average F - Ages 6 - 7 - Retrospective Adjusted
Rate","temora zoo spring
log N m^-3",0.874345443840763,FALSE,25,0.940913606513361,FALSE
"148","Black sea bass","Mid",2007,0.490000009536743,"Fmort","Average F - Ages 6 - 7 - Retrospective Adjusted","Rate",2019,2019,"Fmort
Average F - Ages 6 - 7 - Retrospective Adjusted
Rate","centropages zoo spring
log N m^-3",3.8014503714816,FALSE,25,0.910806334336282,FALSE
"149","Black sea bass","Mid",2007,0.490000009536743,"Fmort","Average F - Ages 6 - 7 - Retrospective Adjusted","Rate",2019,2019,"Fmort
Average F - Ages 6 - 7 - Retrospective Adjusted
Rate","pseudocalanus zoo spring
log N m^-3",1.28503413921436,FALSE,25,0.156096540831329,FALSE
"150","Black sea bass","Mid",2007,0.490000009536743,"Fmort","Average F - Ages 6 - 7 - Retrospective Adjusted","Rate",2019,2019,"Fmort
Average F - Ages 6 - 7 - Retrospective Adjusted
Rate","temora zoo spring
log N m^-3",1.44099461860199,FALSE,25,0.940913606513361,FALSE
"151","Black sea bass","Mid",2008,0.670000016689301,"Fmort","Average F - Ages 6 - 7 - Retrospective Adjusted","Rate",2019,2019,"Fmort
Average F - Ages 6 - 7 - Retrospective Adjusted
Rate","centropages zoo spring
log N m^-3",4.25909306877081,FALSE,25,0.910806334336282,FALSE
"152","Black sea bass","Mid",2008,0.670000016689301,"Fmort","Average F - Ages 6 - 7 - Retrospective Adjusted","Rate",2019,2019,"Fmort
Average F - Ages 6 - 7 - Retrospective Adjusted
Rate","pseudocalanus zoo spring
log N m^-3",3.49236339495468,FALSE,25,0.156096540831329,FALSE
"153","Black sea bass","Mid",2008,0.670000016689301,"Fmort","Average F - Ages 6 - 7 - Retrospective Adjusted","Rate",2019,2019,"Fmort
Average F - Ages 6 - 7 - Retrospective Adjusted
Rate","temora zoo spring
log N m^-3",2.1375607319783,FALSE,25,0.940913606513361,FALSE
"154","Black sea bass","Mid",2009,0.759999990463257,"Fmort","Average F - Ages 6 - 7 - Retrospective Adjusted","Rate",2019,2019,"Fmort
Average F - Ages 6 - 7 - Retrospective Adjusted
Rate","centropages zoo spring
log N m^-3",4.23881273057955,FALSE,25,0.910806334336282,FALSE
"155","Black sea bass","Mid",2009,0.759999990463257,"Fmort","Average F - Ages 6 - 7 - Retrospective Adjusted","Rate",2019,2019,"Fmort
Average F - Ages 6 - 7 - Retrospective Adjusted
Rate","pseudocalanus zoo spring
log N m^-3",2.69184995929123,FALSE,25,0.156096540831329,FALSE
"156","Black sea bass","Mid",2009,0.759999990463257,"Fmort","Average F - Ages 6 - 7 - Retrospective Adjusted","Rate",2019,2019,"Fmort
Average F - Ages 6 - 7 - Retrospective Adjusted
Rate","temora zoo spring
log N m^-3",2.25634595967241,FALSE,25,0.940913606513361,FALSE
"157","Black sea bass","Mid",2010,0.409999996423721,"Fmort","Average F - Ages 6 - 7 - Retrospective Adjusted","Rate",2019,2019,"Fmort
Average F - Ages 6 - 7 - Retrospective Adjusted
Rate","centropages zoo spring
log N m^-3",3.80571417804156,FALSE,25,0.910806334336282,FALSE
"158","Black sea bass","Mid",2010,0.409999996423721,"Fmort","Average F - Ages 6 - 7 - Retrospective Adjusted","Rate",2019,2019,"Fmort
Average F - Ages 6 - 7 - Retrospective Adjusted
Rate","pseudocalanus zoo spring
log N m^-3",3.47210561002739,FALSE,25,0.156096540831329,FALSE
"159","Black sea bass","Mid",2010,0.409999996423721,"Fmort","Average F - Ages 6 - 7 - Retrospective Adjusted","Rate",2019,2019,"Fmort
Average F - Ages 6 - 7 - Retrospective Adjusted
Rate","temora zoo spring
log N m^-3",1.63990136620959,FALSE,25,0.940913606513361,FALSE
"160","Black sea bass","Mid",2011,0.600000023841858,"Fmort","Average F - Ages 6 - 7 - Retrospective Adjusted","Rate",2019,2019,"Fmort
Average F - Ages 6 - 7 - Retrospective Adjusted
Rate","centropages zoo spring
log N m^-3",3.96021965533418,FALSE,25,0.910806334336282,FALSE
"161","Black sea bass","Mid",2011,0.600000023841858,"Fmort","Average F - Ages 6 - 7 - Retrospective Adjusted","Rate",2019,2019,"Fmort
Average F - Ages 6 - 7 - Retrospective Adjusted
Rate","pseudocalanus zoo spring
log N m^-3",3.4611932220892,FALSE,25,0.156096540831329,FALSE
"162","Black sea bass","Mid",2011,0.600000023841858,"Fmort","Average F - Ages 6 - 7 - Retrospective Adjusted","Rate",2019,2019,"Fmort
Average F - Ages 6 - 7 - Retrospective Adjusted
Rate","temora zoo spring
log N m^-3",2.03306868256652,FALSE,25,0.940913606513361,FALSE
"163","Black sea bass","Mid",2012,0.569999992847443,"Fmort","Average F - Ages 6 - 7 - Retrospective Adjusted","Rate",2019,2019,"Fmort
Average F - Ages 6 - 7 - Retrospective Adjusted
Rate","centropages zoo spring
log N m^-3",4.19053468499575,FALSE,25,0.910806334336282,FALSE
"164","Black sea bass","Mid",2012,0.569999992847443,"Fmort","Average F - Ages 6 - 7 - Retrospective Adjusted","Rate",2019,2019,"Fmort
Average F - Ages 6 - 7 - Retrospective Adjusted
Rate","pseudocalanus zoo spring
log N m^-3",1.30159590165119,FALSE,25,0.156096540831329,FALSE
"165","Black sea bass","Mid",2012,0.569999992847443,"Fmort","Average F - Ages 6 - 7 - Retrospective Adjusted","Rate",2019,2019,"Fmort
Average F - Ages 6 - 7 - Retrospective Adjusted
Rate","temora zoo spring
log N m^-3",1.19487579008028,FALSE,25,0.940913606513361,FALSE
"166","Black sea bass","Mid",2013,0.419999986886978,"Fmort","Average F - Ages 6 - 7 - Retrospective Adjusted","Rate",2019,2019,"Fmort
Average F - Ages 6 - 7 - Retrospective Adjusted
Rate","centropages zoo spring
log N m^-3",4.16062487298364,FALSE,25,0.910806334336282,FALSE
"167","Black sea bass","Mid",2013,0.419999986886978,"Fmort","Average F - Ages 6 - 7 - Retrospective Adjusted","Rate",2019,2019,"Fmort
Average F - Ages 6 - 7 - Retrospective Adjusted
Rate","pseudocalanus zoo spring
log N m^-3",2.21688430382767,FALSE,25,0.156096540831329,FALSE
"168","Black sea bass","Mid",2013,0.419999986886978,"Fmort","Average F - Ages 6 - 7 - Retrospective Adjusted","Rate",2019,2019,"Fmort
Average F - Ages 6 - 7 - Retrospective Adjusted
Rate","temora zoo spring
log N m^-3",2.4982989343575,FALSE,25,0.940913606513361,FALSE
"169","Black sea bass","Mid",2014,0.330000013113022,"Fmort","Average F - Ages 6 - 7 - Retrospective Adjusted","Rate",2019,2019,"Fmort
Average F - Ages 6 - 7 - Retrospective Adjusted
Rate","centropages zoo spring
log N m^-3",3.959330595886,FALSE,25,0.910806334336282,FALSE
"170","Black sea bass","Mid",2014,0.330000013113022,"Fmort","Average F - Ages 6 - 7 - Retrospective Adjusted","Rate",2019,2019,"Fmort
Average F - Ages 6 - 7 - Retrospective Adjusted
Rate","pseudocalanus zoo spring
log N m^-3",3.67806935929903,FALSE,25,0.156096540831329,FALSE
"171","Black sea bass","Mid",2014,0.330000013113022,"Fmort","Average F - Ages 6 - 7 - Retrospective Adjusted","Rate",2019,2019,"Fmort
Average F - Ages 6 - 7 - Retrospective Adjusted
Rate","temora zoo spring
log N m^-3",3.050316291303,FALSE,25,0.940913606513361,FALSE
"172","Black sea bass","Mid",2015,0.349999994039536,"Fmort","Average F - Ages 6 - 7 - Retrospective Adjusted","Rate",2019,2019,"Fmort
Average F - Ages 6 - 7 - Retrospective Adjusted
Rate","centropages zoo spring
log N m^-3",4.0063097534807,FALSE,25,0.910806334336282,FALSE
"173","Black sea bass","Mid",2015,0.349999994039536,"Fmort","Average F - Ages 6 - 7 - Retrospective Adjusted","Rate",2019,2019,"Fmort
Average F - Ages 6 - 7 - Retrospective Adjusted
Rate","pseudocalanus zoo spring
log N m^-3",3.66703613469069,FALSE,25,0.156096540831329,FALSE
"174","Black sea bass","Mid",2015,0.349999994039536,"Fmort","Average F - Ages 6 - 7 - Retrospective Adjusted","Rate",2019,2019,"Fmort
Average F - Ages 6 - 7 - Retrospective Adjusted
Rate","temora zoo spring
log N m^-3",3.76167150821673,FALSE,25,0.940913606513361,FALSE
"175","Black sea bass","Mid",2016,0.519999980926514,"Fmort","Average F - Ages 6 - 7 - Retrospective Adjusted","Rate",2019,2019,"Fmort
Average F - Ages 6 - 7 - Retrospective Adjusted
Rate","centropages zoo spring
log N m^-3",NA,TRUE,25,0.910806334336282,FALSE
"176","Black sea bass","Mid",2016,0.519999980926514,"Fmort","Average F - Ages 6 - 7 - Retrospective Adjusted","Rate",2019,2019,"Fmort
Average F - Ages 6 - 7 - Retrospective Adjusted
Rate","pseudocalanus zoo spring
log N m^-3",NA,TRUE,25,0.156096540831329,FALSE
"177","Black sea bass","Mid",2016,0.519999980926514,"Fmort","Average F - Ages 6 - 7 - Retrospective Adjusted","Rate",2019,2019,"Fmort
Average F - Ages 6 - 7 - Retrospective Adjusted
Rate","temora zoo spring
log N m^-3",NA,TRUE,25,0.940913606513361,FALSE
"178","Black sea bass","Mid",2017,0.419999986886978,"Fmort","Average F - Ages 6 - 7 - Retrospective Adjusted","Rate",2019,2019,"Fmort
Average F - Ages 6 - 7 - Retrospective Adjusted
Rate","centropages zoo spring
log N m^-3",4.16312224097347,FALSE,25,0.910806334336282,FALSE
"179","Black sea bass","Mid",2017,0.419999986886978,"Fmort","Average F - Ages 6 - 7 - Retrospective Adjusted","Rate",2019,2019,"Fmort
Average F - Ages 6 - 7 - Retrospective Adjusted
Rate","pseudocalanus zoo spring
log N m^-3",1.69939230077664,FALSE,25,0.156096540831329,FALSE
"180","Black sea bass","Mid",2017,0.419999986886978,"Fmort","Average F - Ages 6 - 7 - Retrospective Adjusted","Rate",2019,2019,"Fmort
Average F - Ages 6 - 7 - Retrospective Adjusted
Rate","temora zoo spring
log N m^-3",2.08754042245123,FALSE,25,0.940913606513361,FALSE
"181","Black sea bass","Mid",1988,24387,"Recruitment","Recruits - Age 1","Thousand Recruits",2019,2019,"Recruitment
Recruits - Age 1
Thousand Recruits","centropages zoo spring
log N m^-3",3.81656646011791,FALSE,25,0.303352120540264,FALSE
"182","Black sea bass","Mid",1988,24387,"Recruitment","Recruits - Age 1","Thousand Recruits",2019,2019,"Recruitment
Recruits - Age 1
Thousand Recruits","pseudocalanus zoo spring
log N m^-3",4.0396147272592,FALSE,25,0.679433784629526,FALSE
"183","Black sea bass","Mid",1988,24387,"Recruitment","Recruits - Age 1","Thousand Recruits",2019,2019,"Recruitment
Recruits - Age 1
Thousand Recruits","temora zoo spring
log N m^-3",2.44162795263335,FALSE,25,0.811293512639209,FALSE
"184","Black sea bass","Mid",1989,29781,"Recruitment","Recruits - Age 1","Thousand Recruits",2019,2019,"Recruitment
Recruits - Age 1
Thousand Recruits","centropages zoo spring
log N m^-3",NA,TRUE,25,0.303352120540264,FALSE
"185","Black sea bass","Mid",1989,29781,"Recruitment","Recruits - Age 1","Thousand Recruits",2019,2019,"Recruitment
Recruits - Age 1
Thousand Recruits","pseudocalanus zoo spring
log N m^-3",NA,TRUE,25,0.679433784629526,FALSE
"186","Black sea bass","Mid",1989,29781,"Recruitment","Recruits - Age 1","Thousand Recruits",2019,2019,"Recruitment
Recruits - Age 1
Thousand Recruits","temora zoo spring
log N m^-3",NA,TRUE,25,0.811293512639209,FALSE
"187","Black sea bass","Mid",1990,34070,"Recruitment","Recruits - Age 1","Thousand Recruits",2019,2019,"Recruitment
Recruits - Age 1
Thousand Recruits","centropages zoo spring
log N m^-3",NA,TRUE,25,0.303352120540264,FALSE
"188","Black sea bass","Mid",1990,34070,"Recruitment","Recruits - Age 1","Thousand Recruits",2019,2019,"Recruitment
Recruits - Age 1
Thousand Recruits","pseudocalanus zoo spring
log N m^-3",NA,TRUE,25,0.679433784629526,FALSE
"189","Black sea bass","Mid",1990,34070,"Recruitment","Recruits - Age 1","Thousand Recruits",2019,2019,"Recruitment
Recruits - Age 1
Thousand Recruits","temora zoo spring
log N m^-3",NA,TRUE,25,0.811293512639209,FALSE
"190","Black sea bass","Mid",1991,29042,"Recruitment","Recruits - Age 1","Thousand Recruits",2019,2019,"Recruitment
Recruits - Age 1
Thousand Recruits","centropages zoo spring
log N m^-3",NA,TRUE,25,0.303352120540264,FALSE
"191","Black sea bass","Mid",1991,29042,"Recruitment","Recruits - Age 1","Thousand Recruits",2019,2019,"Recruitment
Recruits - Age 1
Thousand Recruits","pseudocalanus zoo spring
log N m^-3",NA,TRUE,25,0.679433784629526,FALSE
"192","Black sea bass","Mid",1991,29042,"Recruitment","Recruits - Age 1","Thousand Recruits",2019,2019,"Recruitment
Recruits - Age 1
Thousand Recruits","temora zoo spring
log N m^-3",NA,TRUE,25,0.811293512639209,FALSE
"193","Black sea bass","Mid",1992,19965,"Recruitment","Recruits - Age 1","Thousand Recruits",2019,2019,"Recruitment
Recruits - Age 1
Thousand Recruits","centropages zoo spring
log N m^-3",4.0811393774753,FALSE,25,0.303352120540264,FALSE
"194","Black sea bass","Mid",1992,19965,"Recruitment","Recruits - Age 1","Thousand Recruits",2019,2019,"Recruitment
Recruits - Age 1
Thousand Recruits","pseudocalanus zoo spring
log N m^-3",3.65765718264324,FALSE,25,0.679433784629526,FALSE
"195","Black sea bass","Mid",1992,19965,"Recruitment","Recruits - Age 1","Thousand Recruits",2019,2019,"Recruitment
Recruits - Age 1
Thousand Recruits","temora zoo spring
log N m^-3",2.32060271074394,FALSE,25,0.811293512639209,FALSE
"196","Black sea bass","Mid",1993,28660,"Recruitment","Recruits - Age 1","Thousand Recruits",2019,2019,"Recruitment
Recruits - Age 1
Thousand Recruits","centropages zoo spring
log N m^-3",3.92974131976765,FALSE,25,0.303352120540264,FALSE
"197","Black sea bass","Mid",1993,28660,"Recruitment","Recruits - Age 1","Thousand Recruits",2019,2019,"Recruitment
Recruits - Age 1
Thousand Recruits","pseudocalanus zoo spring
log N m^-3",4.03731301627349,FALSE,25,0.679433784629526,FALSE
"198","Black sea bass","Mid",1993,28660,"Recruitment","Recruits - Age 1","Thousand Recruits",2019,2019,"Recruitment
Recruits - Age 1
Thousand Recruits","temora zoo spring
log N m^-3",2.61965957994328,FALSE,25,0.811293512639209,FALSE
"199","Black sea bass","Mid",1994,36892,"Recruitment","Recruits - Age 1","Thousand Recruits",2019,2019,"Recruitment
Recruits - Age 1
Thousand Recruits","centropages zoo spring
log N m^-3",NA,TRUE,25,0.303352120540264,FALSE
"200","Black sea bass","Mid",1994,36892,"Recruitment","Recruits - Age 1","Thousand Recruits",2019,2019,"Recruitment
Recruits - Age 1
Thousand Recruits","pseudocalanus zoo spring
log N m^-3",NA,TRUE,25,0.679433784629526,FALSE
"201","Black sea bass","Mid",1994,36892,"Recruitment","Recruits - Age 1","Thousand Recruits",2019,2019,"Recruitment
Recruits - Age 1
Thousand Recruits","temora zoo spring
log N m^-3",NA,TRUE,25,0.811293512639209,FALSE
"202","Black sea bass","Mid",1995,26613,"Recruitment","Recruits - Age 1","Thousand Recruits",2019,2019,"Recruitment
Recruits - Age 1
Thousand Recruits","centropages zoo spring
log N m^-3",4.10638522108829,FALSE,25,0.303352120540264,FALSE
"203","Black sea bass","Mid",1995,26613,"Recruitment","Recruits - Age 1","Thousand Recruits",2019,2019,"Recruitment
Recruits - Age 1
Thousand Recruits","pseudocalanus zoo spring
log N m^-3",3.16366599532211,FALSE,25,0.679433784629526,FALSE
"204","Black sea bass","Mid",1995,26613,"Recruitment","Recruits - Age 1","Thousand Recruits",2019,2019,"Recruitment
Recruits - Age 1
Thousand Recruits","temora zoo spring
log N m^-3",2.31163012600027,FALSE,25,0.811293512639209,FALSE
"205","Black sea bass","Mid",1996,26816,"Recruitment","Recruits - Age 1","Thousand Recruits",2019,2019,"Recruitment
Recruits - Age 1
Thousand Recruits","centropages zoo spring
log N m^-3",4.3272464400645,FALSE,25,0.303352120540264,FALSE
"206","Black sea bass","Mid",1996,26816,"Recruitment","Recruits - Age 1","Thousand Recruits",2019,2019,"Recruitment
Recruits - Age 1
Thousand Recruits","pseudocalanus zoo spring
log N m^-3",3.62160084859575,FALSE,25,0.679433784629526,FALSE
"207","Black sea bass","Mid",1996,26816,"Recruitment","Recruits - Age 1","Thousand Recruits",2019,2019,"Recruitment
Recruits - Age 1
Thousand Recruits","temora zoo spring
log N m^-3",2.84518666723103,FALSE,25,0.811293512639209,FALSE
"208","Black sea bass","Mid",1997,22880,"Recruitment","Recruits - Age 1","Thousand Recruits",2019,2019,"Recruitment
Recruits - Age 1
Thousand Recruits","centropages zoo spring
log N m^-3",4.2641634109929,FALSE,25,0.303352120540264,FALSE
"209","Black sea bass","Mid",1997,22880,"Recruitment","Recruits - Age 1","Thousand Recruits",2019,2019,"Recruitment
Recruits - Age 1
Thousand Recruits","pseudocalanus zoo spring
log N m^-3",4.03752996463144,FALSE,25,0.679433784629526,FALSE
"210","Black sea bass","Mid",1997,22880,"Recruitment","Recruits - Age 1","Thousand Recruits",2019,2019,"Recruitment
Recruits - Age 1
Thousand Recruits","temora zoo spring
log N m^-3",2.67204293367997,FALSE,25,0.811293512639209,FALSE
"211","Black sea bass","Mid",1998,37237,"Recruitment","Recruits - Age 1","Thousand Recruits",2019,2019,"Recruitment
Recruits - Age 1
Thousand Recruits","centropages zoo spring
log N m^-3",4.31643390625778,FALSE,25,0.303352120540264,FALSE
"212","Black sea bass","Mid",1998,37237,"Recruitment","Recruits - Age 1","Thousand Recruits",2019,2019,"Recruitment
Recruits - Age 1
Thousand Recruits","pseudocalanus zoo spring
log N m^-3",4.16537311223082,FALSE,25,0.679433784629526,FALSE
"213","Black sea bass","Mid",1998,37237,"Recruitment","Recruits - Age 1","Thousand Recruits",2019,2019,"Recruitment
Recruits - Age 1
Thousand Recruits","temora zoo spring
log N m^-3",3.49256838589635,FALSE,25,0.811293512639209,FALSE
"214","Black sea bass","Mid",1999,46765,"Recruitment","Recruits - Age 1","Thousand Recruits",2019,2019,"Recruitment
Recruits - Age 1
Thousand Recruits","centropages zoo spring
log N m^-3",4.22171159975358,FALSE,25,0.303352120540264,FALSE
"215","Black sea bass","Mid",1999,46765,"Recruitment","Recruits - Age 1","Thousand Recruits",2019,2019,"Recruitment
Recruits - Age 1
Thousand Recruits","pseudocalanus zoo spring
log N m^-3",4.09849810572095,FALSE,25,0.679433784629526,FALSE
"216","Black sea bass","Mid",1999,46765,"Recruitment","Recruits - Age 1","Thousand Recruits",2019,2019,"Recruitment
Recruits - Age 1
Thousand Recruits","temora zoo spring
log N m^-3",2.12421442536932,FALSE,25,0.811293512639209,FALSE
"217","Black sea bass","Mid",2000,27538,"Recruitment","Recruits - Age 1","Thousand Recruits",2019,2019,"Recruitment
Recruits - Age 1
Thousand Recruits","centropages zoo spring
log N m^-3",4.56834702251471,FALSE,25,0.303352120540264,FALSE
"218","Black sea bass","Mid",2000,27538,"Recruitment","Recruits - Age 1","Thousand Recruits",2019,2019,"Recruitment
Recruits - Age 1
Thousand Recruits","pseudocalanus zoo spring
log N m^-3",3.70230533184211,FALSE,25,0.679433784629526,FALSE
"219","Black sea bass","Mid",2000,27538,"Recruitment","Recruits - Age 1","Thousand Recruits",2019,2019,"Recruitment
Recruits - Age 1
Thousand Recruits","temora zoo spring
log N m^-3",1.86087202026725,FALSE,25,0.811293512639209,FALSE
"220","Black sea bass","Mid",2001,31597,"Recruitment","Recruits - Age 1","Thousand Recruits",2019,2019,"Recruitment
Recruits - Age 1
Thousand Recruits","centropages zoo spring
log N m^-3",4.57997877024529,FALSE,25,0.303352120540264,FALSE
"221","Black sea bass","Mid",2001,31597,"Recruitment","Recruits - Age 1","Thousand Recruits",2019,2019,"Recruitment
Recruits - Age 1
Thousand Recruits","pseudocalanus zoo spring
log N m^-3",3.38652866806934,FALSE,25,0.679433784629526,FALSE
"222","Black sea bass","Mid",2001,31597,"Recruitment","Recruits - Age 1","Thousand Recruits",2019,2019,"Recruitment
Recruits - Age 1
Thousand Recruits","temora zoo spring
log N m^-3",2.68324256185928,FALSE,25,0.811293512639209,FALSE
"223","Black sea bass","Mid",2002,19697,"Recruitment","Recruits - Age 1","Thousand Recruits",2019,2019,"Recruitment
Recruits - Age 1
Thousand Recruits","centropages zoo spring
log N m^-3",4.36613920809072,FALSE,25,0.303352120540264,FALSE
"224","Black sea bass","Mid",2002,19697,"Recruitment","Recruits - Age 1","Thousand Recruits",2019,2019,"Recruitment
Recruits - Age 1
Thousand Recruits","pseudocalanus zoo spring
log N m^-3",1.93659048322429,FALSE,25,0.679433784629526,FALSE
"225","Black sea bass","Mid",2002,19697,"Recruitment","Recruits - Age 1","Thousand Recruits",2019,2019,"Recruitment
Recruits - Age 1
Thousand Recruits","temora zoo spring
log N m^-3",1.36906639572391,FALSE,25,0.811293512639209,FALSE
"226","Black sea bass","Mid",2003,15713,"Recruitment","Recruits - Age 1","Thousand Recruits",2019,2019,"Recruitment
Recruits - Age 1
Thousand Recruits","centropages zoo spring
log N m^-3",4.18839203992399,FALSE,25,0.303352120540264,FALSE
"227","Black sea bass","Mid",2003,15713,"Recruitment","Recruits - Age 1","Thousand Recruits",2019,2019,"Recruitment
Recruits - Age 1
Thousand Recruits","pseudocalanus zoo spring
log N m^-3",2.64782366866307,FALSE,25,0.679433784629526,FALSE
"228","Black sea bass","Mid",2003,15713,"Recruitment","Recruits - Age 1","Thousand Recruits",2019,2019,"Recruitment
Recruits - Age 1
Thousand Recruits","temora zoo spring
log N m^-3",2.24027295459954,FALSE,25,0.811293512639209,FALSE
"229","Black sea bass","Mid",2004,16564,"Recruitment","Recruits - Age 1","Thousand Recruits",2019,2019,"Recruitment
Recruits - Age 1
Thousand Recruits","centropages zoo spring
log N m^-3",4.19524154018092,FALSE,25,0.303352120540264,FALSE
"230","Black sea bass","Mid",2004,16564,"Recruitment","Recruits - Age 1","Thousand Recruits",2019,2019,"Recruitment
Recruits - Age 1
Thousand Recruits","pseudocalanus zoo spring
log N m^-3",3.45142112047484,FALSE,25,0.679433784629526,FALSE
"231","Black sea bass","Mid",2004,16564,"Recruitment","Recruits - Age 1","Thousand Recruits",2019,2019,"Recruitment
Recruits - Age 1
Thousand Recruits","temora zoo spring
log N m^-3",2.02496740737101,FALSE,25,0.811293512639209,FALSE
"232","Black sea bass","Mid",2005,30816,"Recruitment","Recruits - Age 1","Thousand Recruits",2019,2019,"Recruitment
Recruits - Age 1
Thousand Recruits","centropages zoo spring
log N m^-3",3.47262263397722,FALSE,25,0.303352120540264,FALSE
"233","Black sea bass","Mid",2005,30816,"Recruitment","Recruits - Age 1","Thousand Recruits",2019,2019,"Recruitment
Recruits - Age 1
Thousand Recruits","pseudocalanus zoo spring
log N m^-3",3.91388136720515,FALSE,25,0.679433784629526,FALSE
"234","Black sea bass","Mid",2005,30816,"Recruitment","Recruits - Age 1","Thousand Recruits",2019,2019,"Recruitment
Recruits - Age 1
Thousand Recruits","temora zoo spring
log N m^-3",2.73178743389654,FALSE,25,0.811293512639209,FALSE
"235","Black sea bass","Mid",2006,35359,"Recruitment","Recruits - Age 1","Thousand Recruits",2019,2019,"Recruitment
Recruits - Age 1
Thousand Recruits","centropages zoo spring
log N m^-3",4.11013478536353,FALSE,25,0.303352120540264,FALSE
"236","Black sea bass","Mid",2006,35359,"Recruitment","Recruits - Age 1","Thousand Recruits",2019,2019,"Recruitment
Recruits - Age 1
Thousand Recruits","pseudocalanus zoo spring
log N m^-3",2.66330531673462,FALSE,25,0.679433784629526,FALSE
"237","Black sea bass","Mid",2006,35359,"Recruitment","Recruits - Age 1","Thousand Recruits",2019,2019,"Recruitment
Recruits - Age 1
Thousand Recruits","temora zoo spring
log N m^-3",0.874345443840763,FALSE,25,0.811293512639209,FALSE
"238","Black sea bass","Mid",2007,45513,"Recruitment","Recruits - Age 1","Thousand Recruits",2019,2019,"Recruitment
Recruits - Age 1
Thousand Recruits","centropages zoo spring
log N m^-3",3.8014503714816,FALSE,25,0.303352120540264,FALSE
"239","Black sea bass","Mid",2007,45513,"Recruitment","Recruits - Age 1","Thousand Recruits",2019,2019,"Recruitment
Recruits - Age 1
Thousand Recruits","pseudocalanus zoo spring
log N m^-3",1.28503413921436,FALSE,25,0.679433784629526,FALSE
"240","Black sea bass","Mid",2007,45513,"Recruitment","Recruits - Age 1","Thousand Recruits",2019,2019,"Recruitment
Recruits - Age 1
Thousand Recruits","temora zoo spring
log N m^-3",1.44099461860199,FALSE,25,0.811293512639209,FALSE
"241","Black sea bass","Mid",2008,34059,"Recruitment","Recruits - Age 1","Thousand Recruits",2019,2019,"Recruitment
Recruits - Age 1
Thousand Recruits","centropages zoo spring
log N m^-3",4.25909306877081,FALSE,25,0.303352120540264,FALSE
"242","Black sea bass","Mid",2008,34059,"Recruitment","Recruits - Age 1","Thousand Recruits",2019,2019,"Recruitment
Recruits - Age 1
Thousand Recruits","pseudocalanus zoo spring
log N m^-3",3.49236339495468,FALSE,25,0.679433784629526,FALSE
"243","Black sea bass","Mid",2008,34059,"Recruitment","Recruits - Age 1","Thousand Recruits",2019,2019,"Recruitment
Recruits - Age 1
Thousand Recruits","temora zoo spring
log N m^-3",2.1375607319783,FALSE,25,0.811293512639209,FALSE
"244","Black sea bass","Mid",2009,34419,"Recruitment","Recruits - Age 1","Thousand Recruits",2019,2019,"Recruitment
Recruits - Age 1
Thousand Recruits","centropages zoo spring
log N m^-3",4.23881273057955,FALSE,25,0.303352120540264,FALSE
"245","Black sea bass","Mid",2009,34419,"Recruitment","Recruits - Age 1","Thousand Recruits",2019,2019,"Recruitment
Recruits - Age 1
Thousand Recruits","pseudocalanus zoo spring
log N m^-3",2.69184995929123,FALSE,25,0.679433784629526,FALSE
"246","Black sea bass","Mid",2009,34419,"Recruitment","Recruits - Age 1","Thousand Recruits",2019,2019,"Recruitment
Recruits - Age 1
Thousand Recruits","temora zoo spring
log N m^-3",2.25634595967241,FALSE,25,0.811293512639209,FALSE
"247","Black sea bass","Mid",2010,39651,"Recruitment","Recruits - Age 1","Thousand Recruits",2019,2019,"Recruitment
Recruits - Age 1
Thousand Recruits","centropages zoo spring
log N m^-3",3.80571417804156,FALSE,25,0.303352120540264,FALSE
"248","Black sea bass","Mid",2010,39651,"Recruitment","Recruits - Age 1","Thousand Recruits",2019,2019,"Recruitment
Recruits - Age 1
Thousand Recruits","pseudocalanus zoo spring
log N m^-3",3.47210561002739,FALSE,25,0.679433784629526,FALSE
"249","Black sea bass","Mid",2010,39651,"Recruitment","Recruits - Age 1","Thousand Recruits",2019,2019,"Recruitment
Recruits - Age 1
Thousand Recruits","temora zoo spring
log N m^-3",1.63990136620959,FALSE,25,0.811293512639209,FALSE
"250","Black sea bass","Mid",2011,144684,"Recruitment","Recruits - Age 1","Thousand Recruits",2019,2019,"Recruitment
Recruits - Age 1
Thousand Recruits","centropages zoo spring
log N m^-3",3.96021965533418,FALSE,25,0.303352120540264,FALSE
"251","Black sea bass","Mid",2011,144684,"Recruitment","Recruits - Age 1","Thousand Recruits",2019,2019,"Recruitment
Recruits - Age 1
Thousand Recruits","pseudocalanus zoo spring
log N m^-3",3.4611932220892,FALSE,25,0.679433784629526,FALSE
"252","Black sea bass","Mid",2011,144684,"Recruitment","Recruits - Age 1","Thousand Recruits",2019,2019,"Recruitment
Recruits - Age 1
Thousand Recruits","temora zoo spring
log N m^-3",2.03306868256652,FALSE,25,0.811293512639209,FALSE
"253","Black sea bass","Mid",2012,47802,"Recruitment","Recruits - Age 1","Thousand Recruits",2019,2019,"Recruitment
Recruits - Age 1
Thousand Recruits","centropages zoo spring
log N m^-3",4.19053468499575,FALSE,25,0.303352120540264,FALSE
"254","Black sea bass","Mid",2012,47802,"Recruitment","Recruits - Age 1","Thousand Recruits",2019,2019,"Recruitment
Recruits - Age 1
Thousand Recruits","pseudocalanus zoo spring
log N m^-3",1.30159590165119,FALSE,25,0.679433784629526,FALSE
"255","Black sea bass","Mid",2012,47802,"Recruitment","Recruits - Age 1","Thousand Recruits",2019,2019,"Recruitment
Recruits - Age 1
Thousand Recruits","temora zoo spring
log N m^-3",1.19487579008028,FALSE,25,0.811293512639209,FALSE
"256","Black sea bass","Mid",2013,26240,"Recruitment","Recruits - Age 1","Thousand Recruits",2019,2019,"Recruitment
Recruits - Age 1
Thousand Recruits","centropages zoo spring
log N m^-3",4.16062487298364,FALSE,25,0.303352120540264,FALSE
"257","Black sea bass","Mid",2013,26240,"Recruitment","Recruits - Age 1","Thousand Recruits",2019,2019,"Recruitment
Recruits - Age 1
Thousand Recruits","pseudocalanus zoo spring
log N m^-3",2.21688430382767,FALSE,25,0.679433784629526,FALSE
"258","Black sea bass","Mid",2013,26240,"Recruitment","Recruits - Age 1","Thousand Recruits",2019,2019,"Recruitment
Recruits - Age 1
Thousand Recruits","temora zoo spring
log N m^-3",2.4982989343575,FALSE,25,0.811293512639209,FALSE
"259","Black sea bass","Mid",2014,34338,"Recruitment","Recruits - Age 1","Thousand Recruits",2019,2019,"Recruitment
Recruits - Age 1
Thousand Recruits","centropages zoo spring
log N m^-3",3.959330595886,FALSE,25,0.303352120540264,FALSE
"260","Black sea bass","Mid",2014,34338,"Recruitment","Recruits - Age 1","Thousand Recruits",2019,2019,"Recruitment
Recruits - Age 1
Thousand Recruits","pseudocalanus zoo spring
log N m^-3",3.67806935929903,FALSE,25,0.679433784629526,FALSE
"261","Black sea bass","Mid",2014,34338,"Recruitment","Recruits - Age 1","Thousand Recruits",2019,2019,"Recruitment
Recruits - Age 1
Thousand Recruits","temora zoo spring
log N m^-3",3.050316291303,FALSE,25,0.811293512639209,FALSE
"262","Black sea bass","Mid",2015,79373,"Recruitment","Recruits - Age 1","Thousand Recruits",2019,2019,"Recruitment
Recruits - Age 1
Thousand Recruits","centropages zoo spring
log N m^-3",4.0063097534807,FALSE,25,0.303352120540264,FALSE
"263","Black sea bass","Mid",2015,79373,"Recruitment","Recruits - Age 1","Thousand Recruits",2019,2019,"Recruitment
Recruits - Age 1
Thousand Recruits","pseudocalanus zoo spring
log N m^-3",3.66703613469069,FALSE,25,0.679433784629526,FALSE
"264","Black sea bass","Mid",2015,79373,"Recruitment","Recruits - Age 1","Thousand Recruits",2019,2019,"Recruitment
Recruits - Age 1
Thousand Recruits","temora zoo spring
log N m^-3",3.76167150821673,FALSE,25,0.811293512639209,FALSE
"265","Black sea bass","Mid",2016,47293,"Recruitment","Recruits - Age 1","Thousand Recruits",2019,2019,"Recruitment
Recruits - Age 1
Thousand Recruits","centropages zoo spring
log N m^-3",NA,TRUE,25,0.303352120540264,FALSE
"266","Black sea bass","Mid",2016,47293,"Recruitment","Recruits - Age 1","Thousand Recruits",2019,2019,"Recruitment
Recruits - Age 1
Thousand Recruits","pseudocalanus zoo spring
log N m^-3",NA,TRUE,25,0.679433784629526,FALSE
"267","Black sea bass","Mid",2016,47293,"Recruitment","Recruits - Age 1","Thousand Recruits",2019,2019,"Recruitment
Recruits - Age 1
Thousand Recruits","temora zoo spring
log N m^-3",NA,TRUE,25,0.811293512639209,FALSE
"268","Black sea bass","Mid",2017,10058,"Recruitment","Recruits - Age 1","Thousand Recruits",2019,2019,"Recruitment
Recruits - Age 1
Thousand Recruits","centropages zoo spring
log N m^-3",4.16312224097347,FALSE,25,0.303352120540264,FALSE
"269","Black sea bass","Mid",2017,10058,"Recruitment","Recruits - Age 1","Thousand Recruits",2019,2019,"Recruitment
Recruits - Age 1
Thousand Recruits","pseudocalanus zoo spring
log N m^-3",1.69939230077664,FALSE,25,0.679433784629526,FALSE
"270","Black sea bass","Mid",2017,10058,"Recruitment","Recruits - Age 1","Thousand Recruits",2019,2019,"Recruitment
Recruits - Age 1
Thousand Recruits","temora zoo spring
log N m^-3",2.08754042245123,FALSE,25,0.811293512639209,FALSE
"271","Black sea bass","Mid",1988,3181,"Abundance","Spawning Stock Biomass - Retrospective Adjusted","Metric Tons",2019,2019,"Abundance
Spawning Stock Biomass - Retrospective Adjusted
Metric Tons","centropages zoo spring
log N m^-3",3.81656646011791,FALSE,25,0.839714072511519,FALSE
"272","Black sea bass","Mid",1988,3181,"Abundance","Spawning Stock Biomass - Retrospective Adjusted","Metric Tons",2019,2019,"Abundance
Spawning Stock Biomass - Retrospective Adjusted
Metric Tons","pseudocalanus zoo spring
log N m^-3",4.0396147272592,FALSE,25,0.042515772915485,TRUE
"273","Black sea bass","Mid",1988,3181,"Abundance","Spawning Stock Biomass - Retrospective Adjusted","Metric Tons",2019,2019,"Abundance
Spawning Stock Biomass - Retrospective Adjusted
Metric Tons","temora zoo spring
log N m^-3",2.44162795263335,FALSE,25,0.527953566007638,FALSE
"274","Black sea bass","Mid",1989,3044,"Abundance","Spawning Stock Biomass - Retrospective Adjusted","Metric Tons",2019,2019,"Abundance
Spawning Stock Biomass - Retrospective Adjusted
Metric Tons","centropages zoo spring
log N m^-3",NA,TRUE,25,0.839714072511519,FALSE
"275","Black sea bass","Mid",1989,3044,"Abundance","Spawning Stock Biomass - Retrospective Adjusted","Metric Tons",2019,2019,"Abundance
Spawning Stock Biomass - Retrospective Adjusted
Metric Tons","pseudocalanus zoo spring
log N m^-3",NA,TRUE,25,0.042515772915485,TRUE
"276","Black sea bass","Mid",1989,3044,"Abundance","Spawning Stock Biomass - Retrospective Adjusted","Metric Tons",2019,2019,"Abundance
Spawning Stock Biomass - Retrospective Adjusted
Metric Tons","temora zoo spring
log N m^-3",NA,TRUE,25,0.527953566007638,FALSE
"277","Black sea bass","Mid",1990,3134,"Abundance","Spawning Stock Biomass - Retrospective Adjusted","Metric Tons",2019,2019,"Abundance
Spawning Stock Biomass - Retrospective Adjusted
Metric Tons","centropages zoo spring
log N m^-3",NA,TRUE,25,0.839714072511519,FALSE
"278","Black sea bass","Mid",1990,3134,"Abundance","Spawning Stock Biomass - Retrospective Adjusted","Metric Tons",2019,2019,"Abundance
Spawning Stock Biomass - Retrospective Adjusted
Metric Tons","pseudocalanus zoo spring
log N m^-3",NA,TRUE,25,0.042515772915485,TRUE
"279","Black sea bass","Mid",1990,3134,"Abundance","Spawning Stock Biomass - Retrospective Adjusted","Metric Tons",2019,2019,"Abundance
Spawning Stock Biomass - Retrospective Adjusted
Metric Tons","temora zoo spring
log N m^-3",NA,TRUE,25,0.527953566007638,FALSE
"280","Black sea bass","Mid",1991,3433,"Abundance","Spawning Stock Biomass - Retrospective Adjusted","Metric Tons",2019,2019,"Abundance
Spawning Stock Biomass - Retrospective Adjusted
Metric Tons","centropages zoo spring
log N m^-3",NA,TRUE,25,0.839714072511519,FALSE
"281","Black sea bass","Mid",1991,3433,"Abundance","Spawning Stock Biomass - Retrospective Adjusted","Metric Tons",2019,2019,"Abundance
Spawning Stock Biomass - Retrospective Adjusted
Metric Tons","pseudocalanus zoo spring
log N m^-3",NA,TRUE,25,0.042515772915485,TRUE
"282","Black sea bass","Mid",1991,3433,"Abundance","Spawning Stock Biomass - Retrospective Adjusted","Metric Tons",2019,2019,"Abundance
Spawning Stock Biomass - Retrospective Adjusted
Metric Tons","temora zoo spring
log N m^-3",NA,TRUE,25,0.527953566007638,FALSE
"283","Black sea bass","Mid",1992,3449,"Abundance","Spawning Stock Biomass - Retrospective Adjusted","Metric Tons",2019,2019,"Abundance
Spawning Stock Biomass - Retrospective Adjusted
Metric Tons","centropages zoo spring
log N m^-3",4.0811393774753,FALSE,25,0.839714072511519,FALSE
"284","Black sea bass","Mid",1992,3449,"Abundance","Spawning Stock Biomass - Retrospective Adjusted","Metric Tons",2019,2019,"Abundance
Spawning Stock Biomass - Retrospective Adjusted
Metric Tons","pseudocalanus zoo spring
log N m^-3",3.65765718264324,FALSE,25,0.042515772915485,TRUE
"285","Black sea bass","Mid",1992,3449,"Abundance","Spawning Stock Biomass - Retrospective Adjusted","Metric Tons",2019,2019,"Abundance
Spawning Stock Biomass - Retrospective Adjusted
Metric Tons","temora zoo spring
log N m^-3",2.32060271074394,FALSE,25,0.527953566007638,FALSE
"286","Black sea bass","Mid",1993,3475,"Abundance","Spawning Stock Biomass - Retrospective Adjusted","Metric Tons",2019,2019,"Abundance
Spawning Stock Biomass - Retrospective Adjusted
Metric Tons","centropages zoo spring
log N m^-3",3.92974131976765,FALSE,25,0.839714072511519,FALSE
"287","Black sea bass","Mid",1993,3475,"Abundance","Spawning Stock Biomass - Retrospective Adjusted","Metric Tons",2019,2019,"Abundance
Spawning Stock Biomass - Retrospective Adjusted
Metric Tons","pseudocalanus zoo spring
log N m^-3",4.03731301627349,FALSE,25,0.042515772915485,TRUE
"288","Black sea bass","Mid",1993,3475,"Abundance","Spawning Stock Biomass - Retrospective Adjusted","Metric Tons",2019,2019,"Abundance
Spawning Stock Biomass - Retrospective Adjusted
Metric Tons","temora zoo spring
log N m^-3",2.61965957994328,FALSE,25,0.527953566007638,FALSE
"289","Black sea bass","Mid",1994,4089,"Abundance","Spawning Stock Biomass - Retrospective Adjusted","Metric Tons",2019,2019,"Abundance
Spawning Stock Biomass - Retrospective Adjusted
Metric Tons","centropages zoo spring
log N m^-3",NA,TRUE,25,0.839714072511519,FALSE
"290","Black sea bass","Mid",1994,4089,"Abundance","Spawning Stock Biomass - Retrospective Adjusted","Metric Tons",2019,2019,"Abundance
Spawning Stock Biomass - Retrospective Adjusted
Metric Tons","pseudocalanus zoo spring
log N m^-3",NA,TRUE,25,0.042515772915485,TRUE
"291","Black sea bass","Mid",1994,4089,"Abundance","Spawning Stock Biomass - Retrospective Adjusted","Metric Tons",2019,2019,"Abundance
Spawning Stock Biomass - Retrospective Adjusted
Metric Tons","temora zoo spring
log N m^-3",NA,TRUE,25,0.527953566007638,FALSE
"292","Black sea bass","Mid",1995,4308,"Abundance","Spawning Stock Biomass - Retrospective Adjusted","Metric Tons",2019,2019,"Abundance
Spawning Stock Biomass - Retrospective Adjusted
Metric Tons","centropages zoo spring
log N m^-3",4.10638522108829,FALSE,25,0.839714072511519,FALSE
"293","Black sea bass","Mid",1995,4308,"Abundance","Spawning Stock Biomass - Retrospective Adjusted","Metric Tons",2019,2019,"Abundance
Spawning Stock Biomass - Retrospective Adjusted
Metric Tons","pseudocalanus zoo spring
log N m^-3",3.16366599532211,FALSE,25,0.042515772915485,TRUE
"294","Black sea bass","Mid",1995,4308,"Abundance","Spawning Stock Biomass - Retrospective Adjusted","Metric Tons",2019,2019,"Abundance
Spawning Stock Biomass - Retrospective Adjusted
Metric Tons","temora zoo spring
log N m^-3",2.31163012600027,FALSE,25,0.527953566007638,FALSE
"295","Black sea bass","Mid",1996,4131,"Abundance","Spawning Stock Biomass - Retrospective Adjusted","Metric Tons",2019,2019,"Abundance
Spawning Stock Biomass - Retrospective Adjusted
Metric Tons","centropages zoo spring
log N m^-3",4.3272464400645,FALSE,25,0.839714072511519,FALSE
"296","Black sea bass","Mid",1996,4131,"Abundance","Spawning Stock Biomass - Retrospective Adjusted","Metric Tons",2019,2019,"Abundance
Spawning Stock Biomass - Retrospective Adjusted
Metric Tons","pseudocalanus zoo spring
log N m^-3",3.62160084859575,FALSE,25,0.042515772915485,TRUE
"297","Black sea bass","Mid",1996,4131,"Abundance","Spawning Stock Biomass - Retrospective Adjusted","Metric Tons",2019,2019,"Abundance
Spawning Stock Biomass - Retrospective Adjusted
Metric Tons","temora zoo spring
log N m^-3",2.84518666723103,FALSE,25,0.527953566007638,FALSE
"298","Black sea bass","Mid",1997,4636,"Abundance","Spawning Stock Biomass - Retrospective Adjusted","Metric Tons",2019,2019,"Abundance
Spawning Stock Biomass - Retrospective Adjusted
Metric Tons","centropages zoo spring
log N m^-3",4.2641634109929,FALSE,25,0.839714072511519,FALSE
"299","Black sea bass","Mid",1997,4636,"Abundance","Spawning Stock Biomass - Retrospective Adjusted","Metric Tons",2019,2019,"Abundance
Spawning Stock Biomass - Retrospective Adjusted
Metric Tons","pseudocalanus zoo spring
log N m^-3",4.03752996463144,FALSE,25,0.042515772915485,TRUE
"300","Black sea bass","Mid",1997,4636,"Abundance","Spawning Stock Biomass - Retrospective Adjusted","Metric Tons",2019,2019,"Abundance
Spawning Stock Biomass - Retrospective Adjusted
Metric Tons","temora zoo spring
log N m^-3",2.67204293367997,FALSE,25,0.527953566007638,FALSE
"301","Black sea bass","Mid",1998,5893,"Abundance","Spawning Stock Biomass - Retrospective Adjusted","Metric Tons",2019,2019,"Abundance
Spawning Stock Biomass - Retrospective Adjusted
Metric Tons","centropages zoo spring
log N m^-3",4.31643390625778,FALSE,25,0.839714072511519,FALSE
"302","Black sea bass","Mid",1998,5893,"Abundance","Spawning Stock Biomass - Retrospective Adjusted","Metric Tons",2019,2019,"Abundance
Spawning Stock Biomass - Retrospective Adjusted
Metric Tons","pseudocalanus zoo spring
log N m^-3",4.16537311223082,FALSE,25,0.042515772915485,TRUE
"303","Black sea bass","Mid",1998,5893,"Abundance","Spawning Stock Biomass - Retrospective Adjusted","Metric Tons",2019,2019,"Abundance
Spawning Stock Biomass - Retrospective Adjusted
Metric Tons","temora zoo spring
log N m^-3",3.49256838589635,FALSE,25,0.527953566007638,FALSE
"304","Black sea bass","Mid",1999,7483,"Abundance","Spawning Stock Biomass - Retrospective Adjusted","Metric Tons",2019,2019,"Abundance
Spawning Stock Biomass - Retrospective Adjusted
Metric Tons","centropages zoo spring
log N m^-3",4.22171159975358,FALSE,25,0.839714072511519,FALSE
"305","Black sea bass","Mid",1999,7483,"Abundance","Spawning Stock Biomass - Retrospective Adjusted","Metric Tons",2019,2019,"Abundance
Spawning Stock Biomass - Retrospective Adjusted
Metric Tons","pseudocalanus zoo spring
log N m^-3",4.09849810572095,FALSE,25,0.042515772915485,TRUE
"306","Black sea bass","Mid",1999,7483,"Abundance","Spawning Stock Biomass - Retrospective Adjusted","Metric Tons",2019,2019,"Abundance
Spawning Stock Biomass - Retrospective Adjusted
Metric Tons","temora zoo spring
log N m^-3",2.12421442536932,FALSE,25,0.527953566007638,FALSE
"307","Black sea bass","Mid",2000,9557,"Abundance","Spawning Stock Biomass - Retrospective Adjusted","Metric Tons",2019,2019,"Abundance
Spawning Stock Biomass - Retrospective Adjusted
Metric Tons","centropages zoo spring
log N m^-3",4.56834702251471,FALSE,25,0.839714072511519,FALSE
"308","Black sea bass","Mid",2000,9557,"Abundance","Spawning Stock Biomass - Retrospective Adjusted","Metric Tons",2019,2019,"Abundance
Spawning Stock Biomass - Retrospective Adjusted
Metric Tons","pseudocalanus zoo spring
log N m^-3",3.70230533184211,FALSE,25,0.042515772915485,TRUE
"309","Black sea bass","Mid",2000,9557,"Abundance","Spawning Stock Biomass - Retrospective Adjusted","Metric Tons",2019,2019,"Abundance
Spawning Stock Biomass - Retrospective Adjusted
Metric Tons","temora zoo spring
log N m^-3",1.86087202026725,FALSE,25,0.527953566007638,FALSE
"310","Black sea bass","Mid",2001,10081,"Abundance","Spawning Stock Biomass - Retrospective Adjusted","Metric Tons",2019,2019,"Abundance
Spawning Stock Biomass - Retrospective Adjusted
Metric Tons","centropages zoo spring
log N m^-3",4.57997877024529,FALSE,25,0.839714072511519,FALSE
"311","Black sea bass","Mid",2001,10081,"Abundance","Spawning Stock Biomass - Retrospective Adjusted","Metric Tons",2019,2019,"Abundance
Spawning Stock Biomass - Retrospective Adjusted
Metric Tons","pseudocalanus zoo spring
log N m^-3",3.38652866806934,FALSE,25,0.042515772915485,TRUE
"312","Black sea bass","Mid",2001,10081,"Abundance","Spawning Stock Biomass - Retrospective Adjusted","Metric Tons",2019,2019,"Abundance
Spawning Stock Biomass - Retrospective Adjusted
Metric Tons","temora zoo spring
log N m^-3",2.68324256185928,FALSE,25,0.527953566007638,FALSE
"313","Black sea bass","Mid",2002,9580,"Abundance","Spawning Stock Biomass - Retrospective Adjusted","Metric Tons",2019,2019,"Abundance
Spawning Stock Biomass - Retrospective Adjusted
Metric Tons","centropages zoo spring
log N m^-3",4.36613920809072,FALSE,25,0.839714072511519,FALSE
"314","Black sea bass","Mid",2002,9580,"Abundance","Spawning Stock Biomass - Retrospective Adjusted","Metric Tons",2019,2019,"Abundance
Spawning Stock Biomass - Retrospective Adjusted
Metric Tons","pseudocalanus zoo spring
log N m^-3",1.93659048322429,FALSE,25,0.042515772915485,TRUE
"315","Black sea bass","Mid",2002,9580,"Abundance","Spawning Stock Biomass - Retrospective Adjusted","Metric Tons",2019,2019,"Abundance
Spawning Stock Biomass - Retrospective Adjusted
Metric Tons","temora zoo spring
log N m^-3",1.36906639572391,FALSE,25,0.527953566007638,FALSE
"316","Black sea bass","Mid",2003,8247,"Abundance","Spawning Stock Biomass - Retrospective Adjusted","Metric Tons",2019,2019,"Abundance
Spawning Stock Biomass - Retrospective Adjusted
Metric Tons","centropages zoo spring
log N m^-3",4.18839203992399,FALSE,25,0.839714072511519,FALSE
"317","Black sea bass","Mid",2003,8247,"Abundance","Spawning Stock Biomass - Retrospective Adjusted","Metric Tons",2019,2019,"Abundance
Spawning Stock Biomass - Retrospective Adjusted
Metric Tons","pseudocalanus zoo spring
log N m^-3",2.64782366866307,FALSE,25,0.042515772915485,TRUE
"318","Black sea bass","Mid",2003,8247,"Abundance","Spawning Stock Biomass - Retrospective Adjusted","Metric Tons",2019,2019,"Abundance
Spawning Stock Biomass - Retrospective Adjusted
Metric Tons","temora zoo spring
log N m^-3",2.24027295459954,FALSE,25,0.527953566007638,FALSE
"319","Black sea bass","Mid",2004,7771,"Abundance","Spawning Stock Biomass - Retrospective Adjusted","Metric Tons",2019,2019,"Abundance
Spawning Stock Biomass - Retrospective Adjusted
Metric Tons","centropages zoo spring
log N m^-3",4.19524154018092,FALSE,25,0.839714072511519,FALSE
"320","Black sea bass","Mid",2004,7771,"Abundance","Spawning Stock Biomass - Retrospective Adjusted","Metric Tons",2019,2019,"Abundance
Spawning Stock Biomass - Retrospective Adjusted
Metric Tons","pseudocalanus zoo spring
log N m^-3",3.45142112047484,FALSE,25,0.042515772915485,TRUE
"321","Black sea bass","Mid",2004,7771,"Abundance","Spawning Stock Biomass - Retrospective Adjusted","Metric Tons",2019,2019,"Abundance
Spawning Stock Biomass - Retrospective Adjusted
Metric Tons","temora zoo spring
log N m^-3",2.02496740737101,FALSE,25,0.527953566007638,FALSE
"322","Black sea bass","Mid",2005,6443,"Abundance","Spawning Stock Biomass - Retrospective Adjusted","Metric Tons",2019,2019,"Abundance
Spawning Stock Biomass - Retrospective Adjusted
Metric Tons","centropages zoo spring
log N m^-3",3.47262263397722,FALSE,25,0.839714072511519,FALSE
"323","Black sea bass","Mid",2005,6443,"Abundance","Spawning Stock Biomass - Retrospective Adjusted","Metric Tons",2019,2019,"Abundance
Spawning Stock Biomass - Retrospective Adjusted
Metric Tons","pseudocalanus zoo spring
log N m^-3",3.91388136720515,FALSE,25,0.042515772915485,TRUE
"324","Black sea bass","Mid",2005,6443,"Abundance","Spawning Stock Biomass - Retrospective Adjusted","Metric Tons",2019,2019,"Abundance
Spawning Stock Biomass - Retrospective Adjusted
Metric Tons","temora zoo spring
log N m^-3",2.73178743389654,FALSE,25,0.527953566007638,FALSE
"325","Black sea bass","Mid",2006,6726,"Abundance","Spawning Stock Biomass - Retrospective Adjusted","Metric Tons",2019,2019,"Abundance
Spawning Stock Biomass - Retrospective Adjusted
Metric Tons","centropages zoo spring
log N m^-3",4.11013478536353,FALSE,25,0.839714072511519,FALSE
"326","Black sea bass","Mid",2006,6726,"Abundance","Spawning Stock Biomass - Retrospective Adjusted","Metric Tons",2019,2019,"Abundance
Spawning Stock Biomass - Retrospective Adjusted
Metric Tons","pseudocalanus zoo spring
log N m^-3",2.66330531673462,FALSE,25,0.042515772915485,TRUE
"327","Black sea bass","Mid",2006,6726,"Abundance","Spawning Stock Biomass - Retrospective Adjusted","Metric Tons",2019,2019,"Abundance
Spawning Stock Biomass - Retrospective Adjusted
Metric Tons","temora zoo spring
log N m^-3",0.874345443840763,FALSE,25,0.527953566007638,FALSE
"328","Black sea bass","Mid",2007,9544,"Abundance","Spawning Stock Biomass - Retrospective Adjusted","Metric Tons",2019,2019,"Abundance
Spawning Stock Biomass - Retrospective Adjusted
Metric Tons","centropages zoo spring
log N m^-3",3.8014503714816,FALSE,25,0.839714072511519,FALSE
"329","Black sea bass","Mid",2007,9544,"Abundance","Spawning Stock Biomass - Retrospective Adjusted","Metric Tons",2019,2019,"Abundance
Spawning Stock Biomass - Retrospective Adjusted
Metric Tons","pseudocalanus zoo spring
log N m^-3",1.28503413921436,FALSE,25,0.042515772915485,TRUE
"330","Black sea bass","Mid",2007,9544,"Abundance","Spawning Stock Biomass - Retrospective Adjusted","Metric Tons",2019,2019,"Abundance
Spawning Stock Biomass - Retrospective Adjusted
Metric Tons","temora zoo spring
log N m^-3",1.44099461860199,FALSE,25,0.527953566007638,FALSE
"331","Black sea bass","Mid",2008,11125,"Abundance","Spawning Stock Biomass - Retrospective Adjusted","Metric Tons",2019,2019,"Abundance
Spawning Stock Biomass - Retrospective Adjusted
Metric Tons","centropages zoo spring
log N m^-3",4.25909306877081,FALSE,25,0.839714072511519,FALSE
"332","Black sea bass","Mid",2008,11125,"Abundance","Spawning Stock Biomass - Retrospective Adjusted","Metric Tons",2019,2019,"Abundance
Spawning Stock Biomass - Retrospective Adjusted
Metric Tons","pseudocalanus zoo spring
log N m^-3",3.49236339495468,FALSE,25,0.042515772915485,TRUE
"333","Black sea bass","Mid",2008,11125,"Abundance","Spawning Stock Biomass - Retrospective Adjusted","Metric Tons",2019,2019,"Abundance
Spawning Stock Biomass - Retrospective Adjusted
Metric Tons","temora zoo spring
log N m^-3",2.1375607319783,FALSE,25,0.527953566007638,FALSE
"334","Black sea bass","Mid",2009,14061,"Abundance","Spawning Stock Biomass - Retrospective Adjusted","Metric Tons",2019,2019,"Abundance
Spawning Stock Biomass - Retrospective Adjusted
Metric Tons","centropages zoo spring
log N m^-3",4.23881273057955,FALSE,25,0.839714072511519,FALSE
"335","Black sea bass","Mid",2009,14061,"Abundance","Spawning Stock Biomass - Retrospective Adjusted","Metric Tons",2019,2019,"Abundance
Spawning Stock Biomass - Retrospective Adjusted
Metric Tons","pseudocalanus zoo spring
log N m^-3",2.69184995929123,FALSE,25,0.042515772915485,TRUE
"336","Black sea bass","Mid",2009,14061,"Abundance","Spawning Stock Biomass - Retrospective Adjusted","Metric Tons",2019,2019,"Abundance
Spawning Stock Biomass - Retrospective Adjusted
Metric Tons","temora zoo spring
log N m^-3",2.25634595967241,FALSE,25,0.527953566007638,FALSE
"337","Black sea bass","Mid",2010,14129,"Abundance","Spawning Stock Biomass - Retrospective Adjusted","Metric Tons",2019,2019,"Abundance
Spawning Stock Biomass - Retrospective Adjusted
Metric Tons","centropages zoo spring
log N m^-3",3.80571417804156,FALSE,25,0.839714072511519,FALSE
"338","Black sea bass","Mid",2010,14129,"Abundance","Spawning Stock Biomass - Retrospective Adjusted","Metric Tons",2019,2019,"Abundance
Spawning Stock Biomass - Retrospective Adjusted
Metric Tons","pseudocalanus zoo spring
log N m^-3",3.47210561002739,FALSE,25,0.042515772915485,TRUE
"339","Black sea bass","Mid",2010,14129,"Abundance","Spawning Stock Biomass - Retrospective Adjusted","Metric Tons",2019,2019,"Abundance
Spawning Stock Biomass - Retrospective Adjusted
Metric Tons","temora zoo spring
log N m^-3",1.63990136620959,FALSE,25,0.527953566007638,FALSE
"340","Black sea bass","Mid",2011,16730,"Abundance","Spawning Stock Biomass - Retrospective Adjusted","Metric Tons",2019,2019,"Abundance
Spawning Stock Biomass - Retrospective Adjusted
Metric Tons","centropages zoo spring
log N m^-3",3.96021965533418,FALSE,25,0.839714072511519,FALSE
"341","Black sea bass","Mid",2011,16730,"Abundance","Spawning Stock Biomass - Retrospective Adjusted","Metric Tons",2019,2019,"Abundance
Spawning Stock Biomass - Retrospective Adjusted
Metric Tons","pseudocalanus zoo spring
log N m^-3",3.4611932220892,FALSE,25,0.042515772915485,TRUE
"342","Black sea bass","Mid",2011,16730,"Abundance","Spawning Stock Biomass - Retrospective Adjusted","Metric Tons",2019,2019,"Abundance
Spawning Stock Biomass - Retrospective Adjusted
Metric Tons","temora zoo spring
log N m^-3",2.03306868256652,FALSE,25,0.527953566007638,FALSE
"343","Black sea bass","Mid",2012,23657,"Abundance","Spawning Stock Biomass - Retrospective Adjusted","Metric Tons",2019,2019,"Abundance
Spawning Stock Biomass - Retrospective Adjusted
Metric Tons","centropages zoo spring
log N m^-3",4.19053468499575,FALSE,25,0.839714072511519,FALSE
"344","Black sea bass","Mid",2012,23657,"Abundance","Spawning Stock Biomass - Retrospective Adjusted","Metric Tons",2019,2019,"Abundance
Spawning Stock Biomass - Retrospective Adjusted
Metric Tons","pseudocalanus zoo spring
log N m^-3",1.30159590165119,FALSE,25,0.042515772915485,TRUE
"345","Black sea bass","Mid",2012,23657,"Abundance","Spawning Stock Biomass - Retrospective Adjusted","Metric Tons",2019,2019,"Abundance
Spawning Stock Biomass - Retrospective Adjusted
Metric Tons","temora zoo spring
log N m^-3",1.19487579008028,FALSE,25,0.527953566007638,FALSE
"346","Black sea bass","Mid",2013,34712,"Abundance","Spawning Stock Biomass - Retrospective Adjusted","Metric Tons",2019,2019,"Abundance
Spawning Stock Biomass - Retrospective Adjusted
Metric Tons","centropages zoo spring
log N m^-3",4.16062487298364,FALSE,25,0.839714072511519,FALSE
"347","Black sea bass","Mid",2013,34712,"Abundance","Spawning Stock Biomass - Retrospective Adjusted","Metric Tons",2019,2019,"Abundance
Spawning Stock Biomass - Retrospective Adjusted
Metric Tons","pseudocalanus zoo spring
log N m^-3",2.21688430382767,FALSE,25,0.042515772915485,TRUE
"348","Black sea bass","Mid",2013,34712,"Abundance","Spawning Stock Biomass - Retrospective Adjusted","Metric Tons",2019,2019,"Abundance
Spawning Stock Biomass - Retrospective Adjusted
Metric Tons","temora zoo spring
log N m^-3",2.4982989343575,FALSE,25,0.527953566007638,FALSE
"349","Black sea bass","Mid",2014,33242,"Abundance","Spawning Stock Biomass - Retrospective Adjusted","Metric Tons",2019,2019,"Abundance
Spawning Stock Biomass - Retrospective Adjusted
Metric Tons","centropages zoo spring
log N m^-3",3.959330595886,FALSE,25,0.839714072511519,FALSE
"350","Black sea bass","Mid",2014,33242,"Abundance","Spawning Stock Biomass - Retrospective Adjusted","Metric Tons",2019,2019,"Abundance
Spawning Stock Biomass - Retrospective Adjusted
Metric Tons","pseudocalanus zoo spring
log N m^-3",3.67806935929903,FALSE,25,0.042515772915485,TRUE
"351","Black sea bass","Mid",2014,33242,"Abundance","Spawning Stock Biomass - Retrospective Adjusted","Metric Tons",2019,2019,"Abundance
Spawning Stock Biomass - Retrospective Adjusted
Metric Tons","temora zoo spring
log N m^-3",3.050316291303,FALSE,25,0.527953566007638,FALSE
"352","Black sea bass","Mid",2015,30736,"Abundance","Spawning Stock Biomass - Retrospective Adjusted","Metric Tons",2019,2019,"Abundance
Spawning Stock Biomass - Retrospective Adjusted
Metric Tons","centropages zoo spring
log N m^-3",4.0063097534807,FALSE,25,0.839714072511519,FALSE
"353","Black sea bass","Mid",2015,30736,"Abundance","Spawning Stock Biomass - Retrospective Adjusted","Metric Tons",2019,2019,"Abundance
Spawning Stock Biomass - Retrospective Adjusted
Metric Tons","pseudocalanus zoo spring
log N m^-3",3.66703613469069,FALSE,25,0.042515772915485,TRUE
"354","Black sea bass","Mid",2015,30736,"Abundance","Spawning Stock Biomass - Retrospective Adjusted","Metric Tons",2019,2019,"Abundance
Spawning Stock Biomass - Retrospective Adjusted
Metric Tons","temora zoo spring
log N m^-3",3.76167150821673,FALSE,25,0.527953566007638,FALSE
"355","Black sea bass","Mid",2016,26176,"Abundance","Spawning Stock Biomass - Retrospective Adjusted","Metric Tons",2019,2019,"Abundance
Spawning Stock Biomass - Retrospective Adjusted
Metric Tons","centropages zoo spring
log N m^-3",NA,TRUE,25,0.839714072511519,FALSE
"356","Black sea bass","Mid",2016,26176,"Abundance","Spawning Stock Biomass - Retrospective Adjusted","Metric Tons",2019,2019,"Abundance
Spawning Stock Biomass - Retrospective Adjusted
Metric Tons","pseudocalanus zoo spring
log N m^-3",NA,TRUE,25,0.042515772915485,TRUE
"357","Black sea bass","Mid",2016,26176,"Abundance","Spawning Stock Biomass - Retrospective Adjusted","Metric Tons",2019,2019,"Abundance
Spawning Stock Biomass - Retrospective Adjusted
Metric Tons","temora zoo spring
log N m^-3",NA,TRUE,25,0.527953566007638,FALSE
"358","Black sea bass","Mid",2017,33407,"Abundance","Spawning Stock Biomass - Retrospective Adjusted","Metric Tons",2019,2019,"Abundance
Spawning Stock Biomass - Retrospective Adjusted
Metric Tons","centropages zoo spring
log N m^-3",4.16312224097347,FALSE,25,0.839714072511519,FALSE
"359","Black sea bass","Mid",2017,33407,"Abundance","Spawning Stock Biomass - Retrospective Adjusted","Metric Tons",2019,2019,"Abundance
Spawning Stock Biomass - Retrospective Adjusted
Metric Tons","pseudocalanus zoo spring
log N m^-3",1.69939230077664,FALSE,25,0.042515772915485,TRUE
"360","Black sea bass","Mid",2017,33407,"Abundance","Spawning Stock Biomass - Retrospective Adjusted","Metric Tons",2019,2019,"Abundance
Spawning Stock Biomass - Retrospective Adjusted
Metric Tons","temora zoo spring
log N m^-3",2.08754042245123,FALSE,25,0.527953566007638,FALSE
"361",NA,NA,1977,NA,NA,NA,NA,NA,NA,NA,"centropages zoo spring
log N m^-3",3.56373792871644,TRUE,0,NA,NA
"362",NA,NA,1978,NA,NA,NA,NA,NA,NA,NA,"centropages zoo spring
log N m^-3",3.01727620031842,TRUE,0,NA,NA
"363",NA,NA,1979,NA,NA,NA,NA,NA,NA,NA,"centropages zoo spring
log N m^-3",3.77586636497152,TRUE,0,NA,NA
"364",NA,NA,1980,NA,NA,NA,NA,NA,NA,NA,"centropages zoo spring
log N m^-3",4.04671272645963,TRUE,0,NA,NA
"365",NA,NA,1981,NA,NA,NA,NA,NA,NA,NA,"centropages zoo spring
log N m^-3",3.46850535620019,TRUE,0,NA,NA
"366",NA,NA,1982,NA,NA,NA,NA,NA,NA,NA,"centropages zoo spring
log N m^-3",3.43310877674576,TRUE,0,NA,NA
"367",NA,NA,1983,NA,NA,NA,NA,NA,NA,NA,"centropages zoo spring
log N m^-3",3.59220572792792,TRUE,0,NA,NA
"368",NA,NA,1984,NA,NA,NA,NA,NA,NA,NA,"centropages zoo spring
log N m^-3",3.4934910891984,TRUE,0,NA,NA
"369",NA,NA,1985,NA,NA,NA,NA,NA,NA,NA,"centropages zoo spring
log N m^-3",3.92390998913308,TRUE,0,NA,NA
"370",NA,NA,1986,NA,NA,NA,NA,NA,NA,NA,"centropages zoo spring
log N m^-3",3.94665126477954,TRUE,0,NA,NA
"371",NA,NA,1987,NA,NA,NA,NA,NA,NA,NA,"centropages zoo spring
log N m^-3",3.67669112720189,TRUE,0,NA,NA
"372",NA,NA,1977,NA,NA,NA,NA,NA,NA,NA,"pseudocalanus zoo spring
log N m^-3",4.10278375525935,TRUE,0,NA,NA
"373",NA,NA,1978,NA,NA,NA,NA,NA,NA,NA,"pseudocalanus zoo spring
log N m^-3",4.22917634105996,TRUE,0,NA,NA
"374",NA,NA,1979,NA,NA,NA,NA,NA,NA,NA,"pseudocalanus zoo spring
log N m^-3",3.80325429537699,TRUE,0,NA,NA
"375",NA,NA,1980,NA,NA,NA,NA,NA,NA,NA,"pseudocalanus zoo spring
log N m^-3",4.02234514326929,TRUE,0,NA,NA
"376",NA,NA,1981,NA,NA,NA,NA,NA,NA,NA,"pseudocalanus zoo spring
log N m^-3",4.25709513825041,TRUE,0,NA,NA
"377",NA,NA,1982,NA,NA,NA,NA,NA,NA,NA,"pseudocalanus zoo spring
log N m^-3",4.16023655244868,TRUE,0,NA,NA
"378",NA,NA,1983,NA,NA,NA,NA,NA,NA,NA,"pseudocalanus zoo spring
log N m^-3",3.47948210408718,TRUE,0,NA,NA
"379",NA,NA,1984,NA,NA,NA,NA,NA,NA,NA,"pseudocalanus zoo spring
log N m^-3",3.90500532769887,TRUE,0,NA,NA
"380",NA,NA,1985,NA,NA,NA,NA,NA,NA,NA,"pseudocalanus zoo spring
log N m^-3",3.63075548494129,TRUE,0,NA,NA
"381",NA,NA,1986,NA,NA,NA,NA,NA,NA,NA,"pseudocalanus zoo spring
log N m^-3",3.04608342917061,TRUE,0,NA,NA
"382",NA,NA,1987,NA,NA,NA,NA,NA,NA,NA,"pseudocalanus zoo spring
log N m^-3",4.1501049553388,TRUE,0,NA,NA
"383",NA,NA,1977,NA,NA,NA,NA,NA,NA,NA,"temora zoo spring
log N m^-3",2.0041404847856,TRUE,0,NA,NA
"384",NA,NA,1978,NA,NA,NA,NA,NA,NA,NA,"temora zoo spring
log N m^-3",1.30369659311401,TRUE,0,NA,NA
"385",NA,NA,1979,NA,NA,NA,NA,NA,NA,NA,"temora zoo spring
log N m^-3",2.09057066178315,TRUE,0,NA,NA
"386",NA,NA,1980,NA,NA,NA,NA,NA,NA,NA,"temora zoo spring
log N m^-3",2.40674366673429,TRUE,0,NA,NA
"387",NA,NA,1981,NA,NA,NA,NA,NA,NA,NA,"temora zoo spring
log N m^-3",2.40698100483561,TRUE,0,NA,NA
"388",NA,NA,1982,NA,NA,NA,NA,NA,NA,NA,"temora zoo spring
log N m^-3",2.06957103966923,TRUE,0,NA,NA
"389",NA,NA,1983,NA,NA,NA,NA,NA,NA,NA,"temora zoo spring
log N m^-3",1.90374100258105,TRUE,0,NA,NA
"390",NA,NA,1984,NA,NA,NA,NA,NA,NA,NA,"temora zoo spring
log N m^-3",1.84807772035268,TRUE,0,NA,NA
"391",NA,NA,1985,NA,NA,NA,NA,NA,NA,NA,"temora zoo spring
log N m^-3",1.66191135210392,TRUE,0,NA,NA
"392",NA,NA,1986,NA,NA,NA,NA,NA,NA,NA,"temora zoo spring
log N m^-3",0,TRUE,0,NA,NA
"393",NA,NA,1987,NA,NA,NA,NA,NA,NA,NA,"temora zoo spring
log N m^-3",3.05319013439544,TRUE,0,NA,NA
